State,Market,Date,Month,Year,Price
Kerala,Kalpetta,01-01-2021,1,2021,12400
Kerala,Kalpetta,02-01-2021,1,2021,12400
Kerala,Kalpetta,04-01-2021,1,2021,12000
Kerala,Nedumkandam,05-01-2021,1,2021,11000
Kerala,Kalpetta,05-01-2021,1,2021,12000
Kerala,Pulpally,05-01-2021,1,2021,7600
Kerala,Kalpetta,06-01-2021,1,2021,11900
Kerala,Manathavady,06-01-2021,1,2021,6250
Kerala,Pulpally,06-01-2021,1,2021,7600
Kerala,Kalpetta,07-01-2021,1,2021,11900
Kerala,Manathavady,07-01-2021,1,2021,6550
Kerala,Kattappana,08-01-2021,1,2021,13500
Kerala,Kalpetta,08-01-2021,1,2021,11800
Kerala,Pulpally,08-01-2021,1,2021,7600
Kerala,Kattappana,09-01-2021,1,2021,13500
Kerala,Kalpetta,09-01-2021,1,2021,11700
Kerala,Pulpally,09-01-2021,1,2021,7600
Kerala,Kalpetta,11-01-2021,1,2021,11500
Kerala,Pulpally,11-01-2021,1,2021,7600
Kerala,Kalpetta,12-01-2021,1,2021,11500
Kerala,Pulpally,12-01-2021,1,2021,7600
Kerala,Kalpetta,13-01-2021,1,2021,11500
Kerala,Manathavady,13-01-2021,1,2021,6300
Kerala,Pulpally,13-01-2021,1,2021,7600
Kerala,Nedumkandam,14-01-2021,1,2021,11000
Kerala,Kalpetta,14-01-2021,1,2021,11300
Kerala,Kattappana,15-01-2021,1,2021,13600
Kerala,Kalpetta,15-01-2021,1,2021,11300
Kerala,Manathavady,15-01-2021,1,2021,6450
Kerala,Kattappana,16-01-2021,1,2021,13500
Kerala,Kalpetta,16-01-2021,1,2021,11300
Kerala,Manathavady,16-01-2021,1,2021,6500
Kerala,Pulpally,16-01-2021,1,2021,7600
Kerala,Kalpetta,18-01-2021,1,2021,11600
Kerala,Manathavady,18-01-2021,1,2021,6450
Kerala,Pulpally,18-01-2021,1,2021,7600
Kerala,Kalpetta,19-01-2021,1,2021,11600
Kerala,Manathavady,19-01-2021,1,2021,6500
Kerala,Pulpally,19-01-2021,1,2021,7600
Kerala,Nedumkandam,20-01-2021,1,2021,11000
Kerala,Kalpetta,20-01-2021,1,2021,11600
Kerala,Manathavady,20-01-2021,1,2021,6450
Kerala,Pulpally,20-01-2021,1,2021,7600
Kerala,Kalpetta,21-01-2021,1,2021,11600
Kerala,Manathavady,21-01-2021,1,2021,6450
Kerala,Kalpetta,22-01-2021,1,2021,11500
Kerala,Manathavady,22-01-2021,1,2021,6450
Kerala,Manathavady,23-01-2021,1,2021,6450
Kerala,Kalpetta,25-01-2021,1,2021,11400
Kerala,Manathavady,25-01-2021,1,2021,6400
Kerala,Pulpally,25-01-2021,1,2021,7600
Kerala,Nedumkandam,26-01-2021,1,2021,11000
Kerala,Kalpetta,26-01-2021,1,2021,11400
Kerala,Manathavady,26-01-2021,1,2021,6350
Kerala,Kalpetta,27-01-2021,1,2021,11400
Kerala,Manathavady,27-01-2021,1,2021,6400
Kerala,Pulpally,27-01-2021,1,2021,7600
Tamil Nadu,Namagiripettai,27-01-2021,1,2021,18750
Kerala,Kalpetta,28-01-2021,1,2021,11400
Kerala,Manathavady,28-01-2021,1,2021,6400
Kerala,Pulpally,28-01-2021,1,2021,8500
Kerala,Kalpetta,29-01-2021,1,2021,11400
Kerala,Manathavady,29-01-2021,1,2021,6350
Kerala,Pulpally,29-01-2021,1,2021,7600
Kerala,Kattappana,30-01-2021,1,2021,13500
Kerala,Kalpetta,30-01-2021,1,2021,11400
Kerala,Pulpally,30-01-2021,1,2021,7600
Kerala,Manathavady,31-01-2021,1,2021,6300
Kerala,Kalpetta,01-02-2021,2,2021,11200
Kerala,Manathavady,01-02-2021,2,2021,6250
Kerala,Pulpally,01-02-2021,2,2021,7600
Kerala,Nedumkandam,02-02-2021,2,2021,11000
Kerala,Kalpetta,02-02-2021,2,2021,11000
Kerala,Manathavady,02-02-2021,2,2021,6250
Kerala,Pulpally,02-02-2021,2,2021,7600
Tamil Nadu,Namagiripettai,02-02-2021,2,2021,19000
Kerala,Kalpetta,03-02-2021,2,2021,11000
Kerala,Pulpally,03-02-2021,2,2021,7600
Tamil Nadu,Namagiripettai,03-02-2021,2,2021,19000
Kerala,Kalpetta,04-02-2021,2,2021,11000
Kerala,Pulpally,04-02-2021,2,2021,7600
Kerala,Nedumkandam,05-02-2021,2,2021,11000
Kerala,Kalpetta,05-02-2021,2,2021,11000
Kerala,Manathavady,05-02-2021,2,2021,6200
Kerala,Pulpally,05-02-2021,2,2021,6700
Tamil Nadu,Namagiripettai,05-02-2021,2,2021,18750
Kerala,Kalpetta,06-02-2021,2,2021,11000
Kerala,Manathavady,06-02-2021,2,2021,6200
Kerala,Pulpally,06-02-2021,2,2021,7600
Kerala,Pulpally,07-02-2021,2,2021,7600
Kerala,Kalpetta,08-02-2021,2,2021,11000
Kerala,Kalpetta,09-02-2021,2,2021,11000
Kerala,Kalpetta,10-02-2021,2,2021,11000
Kerala,Manathavady,10-02-2021,2,2021,6250
Kerala,Pulpally,10-02-2021,2,2021,6800
Kerala,Nedumkandam,11-02-2021,2,2021,11000
Kerala,Kalpetta,11-02-2021,2,2021,11000
Kerala,Manathavady,11-02-2021,2,2021,6250
Kerala,Pulpally,11-02-2021,2,2021,7600
Kerala,Kalpetta,12-02-2021,2,2021,11000
Kerala,Manathavady,12-02-2021,2,2021,6200
Kerala,Pulpally,12-02-2021,2,2021,7600
Kerala,Kalpetta,13-02-2021,2,2021,11000
Kerala,Manathavady,13-02-2021,2,2021,6200
Kerala,Kalpetta,14-02-2021,2,2021,11000
Kerala,Kalpetta,15-02-2021,2,2021,11000
Kerala,Manathavady,15-02-2021,2,2021,6200
Kerala,Pulpally,15-02-2021,2,2021,7600
Kerala,Kalpetta,16-02-2021,2,2021,11000
Kerala,Manathavady,16-02-2021,2,2021,6250
Kerala,Pulpally,16-02-2021,2,2021,7600
Tamil Nadu,Namagiripettai,16-02-2021,2,2021,18750
Kerala,Kalpetta,17-02-2021,2,2021,11200
Kerala,Manathavady,17-02-2021,2,2021,6250
Kerala,Pulpally,17-02-2021,2,2021,7600
Kerala,Nedumkandam,18-02-2021,2,2021,11500
Kerala,Kalpetta,18-02-2021,2,2021,11200
Kerala,Manathavady,18-02-2021,2,2021,6250
Kerala,Pulpally,18-02-2021,2,2021,7600
Tamil Nadu,Namagiripettai,18-02-2021,2,2021,18750
Kerala,Adimali,19-02-2021,2,2021,5800
Kerala,Kalpetta,19-02-2021,2,2021,11000
Kerala,Manathavady,19-02-2021,2,2021,6250
Kerala,Kalpetta,20-02-2021,2,2021,11000
Kerala,Manathavady,20-02-2021,2,2021,6250
Kerala,Pulpally,20-02-2021,2,2021,7600
Kerala,Kattappana,22-02-2021,2,2021,13500
Kerala,Kalpetta,22-02-2021,2,2021,11100
Kerala,Manathavady,22-02-2021,2,2021,6350
Kerala,Pulpally,22-02-2021,2,2021,7600
Kerala,Kalpetta,23-02-2021,2,2021,11100
Kerala,Manathavady,23-02-2021,2,2021,6250
Kerala,Pulpally,23-02-2021,2,2021,7800
Kerala,Nedumkandam,24-02-2021,2,2021,11000
Kerala,Kalpetta,24-02-2021,2,2021,11100
Kerala,Pulpally,24-02-2021,2,2021,7600
Kerala,Kalpetta,25-02-2021,2,2021,11100
Kerala,Manathavady,25-02-2021,2,2021,6350
Kerala,Pulpally,25-02-2021,2,2021,6600
Kerala,Kalpetta,26-02-2021,2,2021,11100
Kerala,Manathavady,26-02-2021,2,2021,6400
Kerala,Pulpally,26-02-2021,2,2021,6600
Kerala,Kalpetta,27-02-2021,2,2021,11100
Kerala,Manathavady,27-02-2021,2,2021,6400
Kerala,Pulpally,27-02-2021,2,2021,7600
Kerala,Nedumkandam,28-02-2021,2,2021,11000
Kerala,Manathavady,28-02-2021,2,2021,6450
Kerala,Kalpetta,01-03-2021,3,2021,11200
Kerala,Manathavady,01-03-2021,3,2021,6450
Kerala,Pulpally,01-03-2021,3,2021,7600
Kerala,Kalpetta,02-03-2021,3,2021,11200
Kerala,Manathavady,02-03-2021,3,2021,6550
Kerala,Kalpetta,03-03-2021,3,2021,11200
Kerala,Manathavady,03-03-2021,3,2021,6300
Kerala,Pulpally,03-03-2021,3,2021,7600
Kerala,Kalpetta,04-03-2021,3,2021,11300
Kerala,Pulpally,04-03-2021,3,2021,6800
Kerala,Kalpetta,05-03-2021,3,2021,11400
Kerala,Manathavady,05-03-2021,3,2021,6400
Kerala,Pulpally,05-03-2021,3,2021,7600
Kerala,Nedumkandam,06-03-2021,3,2021,11500
Kerala,Kalpetta,06-03-2021,3,2021,11400
Kerala,Manathavady,06-03-2021,3,2021,6400
Kerala,Pulpally,06-03-2021,3,2021,6600
Kerala,Manathavady,07-03-2021,3,2021,6400
Kerala,Kalpetta,08-03-2021,3,2021,11300
Kerala,Manathavady,08-03-2021,3,2021,8600
Kerala,Pulpally,08-03-2021,3,2021,7600
Kerala,Kalpetta,09-03-2021,3,2021,11300
Kerala,Manathavady,09-03-2021,3,2021,6400
Kerala,Pulpally,09-03-2021,3,2021,6800
Kerala,Kalpetta,10-03-2021,3,2021,11300
Kerala,Manathavady,10-03-2021,3,2021,6400
Kerala,Pulpally,10-03-2021,3,2021,7800
Kerala,Kalpetta,11-03-2021,3,2021,11300
Kerala,Manathavady,11-03-2021,3,2021,6400
Kerala,Kalpetta,12-03-2021,3,2021,11300
Kerala,Manathavady,12-03-2021,3,2021,6400
Kerala,Pulpally,12-03-2021,3,2021,7600
Kerala,Kalpetta,13-03-2021,3,2021,11300
Kerala,Pulpally,13-03-2021,3,2021,7600
Kerala,Kalpetta,15-03-2021,3,2021,11300
Kerala,Manathavady,15-03-2021,3,2021,6400
Kerala,Pulpally,15-03-2021,3,2021,7600
Kerala,Nedumkandam,16-03-2021,3,2021,11500
Kerala,Kalpetta,16-03-2021,3,2021,11300
Kerala,Manathavady,16-03-2021,3,2021,6500
Kerala,Pulpally,16-03-2021,3,2021,7600
Kerala,Kalpetta,17-03-2021,3,2021,11200
Kerala,Manathavady,17-03-2021,3,2021,6500
Kerala,Pulpally,17-03-2021,3,2021,7600
Kerala,Kalpetta,18-03-2021,3,2021,11200
Kerala,Manathavady,18-03-2021,3,2021,6450
Kerala,Kalpetta,19-03-2021,3,2021,11200
Kerala,Manathavady,19-03-2021,3,2021,6450
Kerala,Pulpally,19-03-2021,3,2021,7600
Kerala,Nedumkandam,20-03-2021,3,2021,11000
Kerala,Kalpetta,20-03-2021,3,2021,11200
Kerala,Manathavady,20-03-2021,3,2021,6500
Kerala,Pulpally,20-03-2021,3,2021,7600
Kerala,Kalpetta,22-03-2021,3,2021,11200
Kerala,Manathavady,22-03-2021,3,2021,6450
Kerala,Pulpally,22-03-2021,3,2021,7600
Kerala,Kalpetta,23-03-2021,3,2021,11200
Kerala,Pulpally,23-03-2021,3,2021,7600
Kerala,Kalpetta,24-03-2021,3,2021,11200
Kerala,Pulpally,24-03-2021,3,2021,7600
Kerala,Kalpetta,25-03-2021,3,2021,11200
Kerala,Manathavady,25-03-2021,3,2021,6400
Kerala,Pulpally,25-03-2021,3,2021,7600
Kerala,Kalpetta,26-03-2021,3,2021,11200
Kerala,Manathavady,26-03-2021,3,2021,6450
Kerala,Pulpally,26-03-2021,3,2021,7600
Kerala,Nedumkandam,27-03-2021,3,2021,11500
Kerala,Kalpetta,27-03-2021,3,2021,11200
Kerala,Pulpally,27-03-2021,3,2021,7600
Kerala,Manathavady,28-03-2021,3,2021,6450
Kerala,Kalpetta,29-03-2021,3,2021,11200
Kerala,Manathavady,29-03-2021,3,2021,6450
Kerala,Pulpally,29-03-2021,3,2021,7600
Kerala,Kalpetta,30-03-2021,3,2021,11000
Kerala,Manathavady,30-03-2021,3,2021,6400
Kerala,Pulpally,30-03-2021,3,2021,7600
Kerala,Kalpetta,31-03-2021,3,2021,11000
Kerala,Manathavady,31-03-2021,3,2021,6400
Kerala,Pulpally,31-03-2021,3,2021,7600
Kerala,Kalpetta,01-04-2021,4,2021,11000
Kerala,Pulpally,01-04-2021,4,2021,6700
Kerala,Nedumkandam,02-04-2021,4,2021,11000
Kerala,Kalpetta,02-04-2021,4,2021,11000
Kerala,Pulpally,02-04-2021,4,2021,7800
Kerala,Kalpetta,03-04-2021,4,2021,11000
Kerala,Pulpally,03-04-2021,4,2021,7600
Kerala,Pulpally,04-04-2021,4,2021,7600
Kerala,Kalpetta,05-04-2021,4,2021,11000
Kerala,Manathavady,05-04-2021,4,2021,6400
Kerala,Pulpally,05-04-2021,4,2021,7600
Kerala,Kalpetta,06-04-2021,4,2021,11000
Kerala,Manathavady,06-04-2021,4,2021,6400
Kerala,Kalpetta,07-04-2021,4,2021,11000
Kerala,Manathavady,07-04-2021,4,2021,6400
Kerala,Pulpally,07-04-2021,4,2021,7600
Kerala,Kalpetta,08-04-2021,4,2021,10800
Kerala,Pulpally,08-04-2021,4,2021,7600
Kerala,Kalpetta,09-04-2021,4,2021,10800
Kerala,Pulpally,09-04-2021,4,2021,7700
Kerala,Kattappana,10-04-2021,4,2021,13500
Kerala,Manathavady,10-04-2021,4,2021,6400
Kerala,Kalpetta,12-04-2021,4,2021,10800
Kerala,Manathavady,12-04-2021,4,2021,6400
Kerala,Pulpally,12-04-2021,4,2021,7800
Kerala,Kalpetta,13-04-2021,4,2021,10800
Kerala,Manathavady,13-04-2021,4,2021,6400
Kerala,Pulpally,13-04-2021,4,2021,7600
Kerala,Kattappana,14-04-2021,4,2021,13400
Kerala,Kalpetta,14-04-2021,4,2021,10800
Kerala,Manathavady,14-04-2021,4,2021,6450
Kerala,Kalpetta,15-04-2021,4,2021,10800
Kerala,Manathavady,15-04-2021,4,2021,6400
Kerala,Pulpally,15-04-2021,4,2021,7600
Kerala,Kalpetta,16-04-2021,4,2021,10800
Kerala,Manathavady,16-04-2021,4,2021,3300
Kerala,Pulpally,16-04-2021,4,2021,7800
Tamil Nadu,Namagiripettai,16-04-2021,4,2021,15500
Kerala,Nedumkandam,17-04-2021,4,2021,11000
Kerala,Kalpetta,17-04-2021,4,2021,10800
Kerala,Manathavady,17-04-2021,4,2021,3300
Kerala,Pulpally,17-04-2021,4,2021,7600
Kerala,Manathavady,18-04-2021,4,2021,3300
Kerala,Pulpally,18-04-2021,4,2021,7500
Kerala,Kalpetta,19-04-2021,4,2021,11000
Kerala,Manathavady,19-04-2021,4,2021,3400
Kerala,Pulpally,19-04-2021,4,2021,7800
Kerala,Kalpetta,20-04-2021,4,2021,11000
Kerala,Manathavady,20-04-2021,4,2021,3300
Kerala,Pulpally,20-04-2021,4,2021,7600
Kerala,Kalpetta,21-04-2021,4,2021,10800
Kerala,Pulpally,21-04-2021,4,2021,7600
Kerala,Nedumkandam,22-04-2021,4,2021,11000
Kerala,Kalpetta,22-04-2021,4,2021,10900
Kerala,Pulpally,22-04-2021,4,2021,7600
Kerala,Kalpetta,23-04-2021,4,2021,10900
Kerala,Manathavady,23-04-2021,4,2021,3300
Kerala,Pulpally,23-04-2021,4,2021,7800
Tamil Nadu,Namagiripettai,23-04-2021,4,2021,17500
Kerala,Kalpetta,24-04-2021,4,2021,10900
Kerala,Manathavady,24-04-2021,4,2021,3300
Kerala,Pulpally,24-04-2021,4,2021,7600
Kerala,Manathavady,25-04-2021,4,2021,3300
Kerala,Kalpetta,26-04-2021,4,2021,10900
Kerala,Pulpally,26-04-2021,4,2021,7600
Kerala,Kalpetta,27-04-2021,4,2021,10800
Kerala,Manathavady,27-04-2021,4,2021,3300
Kerala,Pulpally,27-04-2021,4,2021,7600
Kerala,Kalpetta,28-04-2021,4,2021,10800
Kerala,Manathavady,28-04-2021,4,2021,3300
Kerala,Kalpetta,29-04-2021,4,2021,10800
Kerala,Manathavady,29-04-2021,4,2021,3300
Kerala,Pulpally,29-04-2021,4,2021,7600
Kerala,Kalpetta,30-04-2021,4,2021,11000
Kerala,Manathavady,30-04-2021,4,2021,3350
Kerala,Pulpally,30-04-2021,4,2021,7600
Kerala,Kalpetta,01-05-2021,5,2021,11000
Kerala,Pulpally,01-05-2021,5,2021,7600
Kerala,Kalpetta,03-05-2021,5,2021,11000
Kerala,Pulpally,03-05-2021,5,2021,7600
Kerala,Nedumkandam,04-05-2021,5,2021,12000
Kerala,Kalpetta,04-05-2021,5,2021,11300
Kerala,Pulpally,04-05-2021,5,2021,7600
Kerala,Kalpetta,05-05-2021,5,2021,11300
Kerala,Pulpally,05-05-2021,5,2021,7600
Kerala,Kalpetta,06-05-2021,5,2021,11300
Kerala,Pulpally,06-05-2021,5,2021,7600
Kerala,Kalpetta,07-05-2021,5,2021,11100
Kerala,Pulpally,07-05-2021,5,2021,7600
Kerala,Kalpetta,08-05-2021,5,2021,11100
Kerala,Kalpetta,10-05-2021,5,2021,11100
Kerala,Pulpally,10-05-2021,5,2021,7600
Kerala,Kalpetta,11-05-2021,5,2021,11100
Kerala,Kalpetta,12-05-2021,5,2021,11100
Kerala,Kalpetta,13-05-2021,5,2021,11100
Kerala,Pulpally,13-05-2021,5,2021,7600
Kerala,Kalpetta,14-05-2021,5,2021,11100
Kerala,Kalpetta,15-05-2021,5,2021,11100
Kerala,Kalpetta,17-05-2021,5,2021,11100
Kerala,Kalpetta,18-05-2021,5,2021,11100
Kerala,Kalpetta,19-05-2021,5,2021,11100
Kerala,Kalpetta,20-05-2021,5,2021,11200
Kerala,Kalpetta,21-05-2021,5,2021,11200
Kerala,Kalpetta,22-05-2021,5,2021,11200
Kerala,Kalpetta,24-05-2021,5,2021,11300
Kerala,Kalpetta,25-05-2021,5,2021,11300
Kerala,Kalpetta,26-05-2021,5,2021,11300
Kerala,Kalpetta,27-05-2021,5,2021,11400
Kerala,Kalpetta,28-05-2021,5,2021,11400
Kerala,Kalpetta,29-05-2021,5,2021,11400
Kerala,Kalpetta,31-05-2021,5,2021,11400
Kerala,Kalpetta,01-06-2021,6,2021,11400
Kerala,Kalpetta,02-06-2021,6,2021,11600
Kerala,Kalpetta,03-06-2021,6,2021,11500
Kerala,Kalpetta,04-06-2021,6,2021,11500
Kerala,Kalpetta,05-06-2021,6,2021,11500
Kerala,Kalpetta,07-06-2021,6,2021,11400
Kerala,Pulpally,07-06-2021,6,2021,7600
Kerala,Kalpetta,08-06-2021,6,2021,11400
Kerala,Pulpally,08-06-2021,6,2021,7600
Kerala,Kalpetta,09-06-2021,6,2021,11400
Kerala,Kalpetta,10-06-2021,6,2021,11300
Kerala,Kalpetta,11-06-2021,6,2021,11400
Kerala,Kalpetta,12-06-2021,6,2021,11400
Kerala,Kalpetta,14-06-2021,6,2021,11900
Kerala,Pulpally,14-06-2021,6,2021,7600
Kerala,Kalpetta,15-06-2021,6,2021,12000
Kerala,Pulpally,15-06-2021,6,2021,7600
Kerala,Kalpetta,16-06-2021,6,2021,12000
Kerala,Pulpally,16-06-2021,6,2021,7600
Kerala,Kalpetta,17-06-2021,6,2021,12100
Kerala,Pulpally,17-06-2021,6,2021,7600
Kerala,Kalpetta,18-06-2021,6,2021,12000
Kerala,Pulpally,18-06-2021,6,2021,7600
Kerala,Kalpetta,19-06-2021,6,2021,12000
Kerala,Pulpally,19-06-2021,6,2021,7600
Kerala,Kalpetta,21-06-2021,6,2021,12000
Kerala,Pulpally,21-06-2021,6,2021,7600
Kerala,Kalpetta,22-06-2021,6,2021,12100
Kerala,Pulpally,22-06-2021,6,2021,7600
Kerala,Kalpetta,23-06-2021,6,2021,12100
Kerala,Pulpally,23-06-2021,6,2021,6800
Kerala,Kalpetta,24-06-2021,6,2021,12100
Kerala,Pulpally,24-06-2021,6,2021,5900
Kerala,Kalpetta,25-06-2021,6,2021,12100
Kerala,Pulpally,25-06-2021,6,2021,7600
Kerala,Kalpetta,26-06-2021,6,2021,12100
Kerala,Pulpally,26-06-2021,6,2021,7600
Kerala,Pulpally,27-06-2021,6,2021,7600
Kerala,Kalpetta,28-06-2021,6,2021,12300
Kerala,Kalpetta,29-06-2021,6,2021,12300
Kerala,Pulpally,29-06-2021,6,2021,6800
Kerala,Kalpetta,30-06-2021,6,2021,12500
Kerala,Pulpally,30-06-2021,6,2021,6700
Kerala,Kalpetta,01-07-2021,7,2021,12600
Kerala,Kalpetta,02-07-2021,7,2021,12600
Kerala,Kalpetta,03-07-2021,7,2021,12600
Kerala,Pulpally,03-07-2021,7,2021,7600
Kerala,Kalpetta,05-07-2021,7,2021,12700
Kerala,Kalpetta,06-07-2021,7,2021,12700
Kerala,Pulpally,06-07-2021,7,2021,7600
Kerala,Kalpetta,07-07-2021,7,2021,12700
Kerala,Pulpally,07-07-2021,7,2021,7600
Kerala,Kalpetta,08-07-2021,7,2021,12800
Kerala,Pulpally,08-07-2021,7,2021,7600
Kerala,Kalpetta,09-07-2021,7,2021,12800
Kerala,Pulpally,09-07-2021,7,2021,7600
Kerala,Pulpally,10-07-2021,7,2021,7700
Kerala,Kalpetta,12-07-2021,7,2021,12900
Kerala,Pulpally,12-07-2021,7,2021,7600
Kerala,Kalpetta,13-07-2021,7,2021,12700
Kerala,Pulpally,13-07-2021,7,2021,6900
Kerala,Kalpetta,14-07-2021,7,2021,12700
Kerala,Pulpally,14-07-2021,7,2021,7600
Kerala,Kalpetta,15-07-2021,7,2021,12700
Kerala,Pulpally,15-07-2021,7,2021,6700
Kerala,Kalpetta,16-07-2021,7,2021,12700
Kerala,Pulpally,16-07-2021,7,2021,5800
Kerala,Kalpetta,17-07-2021,7,2021,12700
Kerala,Pulpally,17-07-2021,7,2021,6600
Kerala,Kalpetta,19-07-2021,7,2021,12700
Kerala,Pulpally,19-07-2021,7,2021,7600
Kerala,Kalpetta,20-07-2021,7,2021,12800
Kerala,Pulpally,20-07-2021,7,2021,7600
Kerala,Kalpetta,21-07-2021,7,2021,12800
Kerala,Kalpetta,22-07-2021,7,2021,12800
Kerala,Pulpally,22-07-2021,7,2021,7600
Kerala,Kalpetta,23-07-2021,7,2021,12800
Kerala,Pulpally,23-07-2021,7,2021,7600
Kerala,Kalpetta,24-07-2021,7,2021,12700
Kerala,Pulpally,24-07-2021,7,2021,6800
Kerala,Pulpally,25-07-2021,7,2021,7600
Kerala,Kalpetta,26-07-2021,7,2021,12800
Kerala,Pulpally,26-07-2021,7,2021,6800
Kerala,Kalpetta,27-07-2021,7,2021,12800
Kerala,Pulpally,27-07-2021,7,2021,6800
Kerala,Kalpetta,28-07-2021,7,2021,13000
Kerala,Pulpally,28-07-2021,7,2021,7600
Kerala,Kalpetta,29-07-2021,7,2021,13000
Kerala,Pulpally,29-07-2021,7,2021,7800
Kerala,Kalpetta,30-07-2021,7,2021,13200
Kerala,Pulpally,30-07-2021,7,2021,7600
Kerala,Pulpally,31-07-2021,7,2021,5800
Kerala,Kalpetta,02-08-2021,8,2021,13200
Kerala,Pulpally,02-08-2021,8,2021,6900
Kerala,Kalpetta,03-08-2021,8,2021,13200
Kerala,Pulpally,03-08-2021,8,2021,7800
Kerala,Kalpetta,04-08-2021,8,2021,13000
Kerala,Pulpally,04-08-2021,8,2021,7800
Kerala,Kalpetta,05-08-2021,8,2021,13000
Kerala,Pulpally,05-08-2021,8,2021,7600
Kerala,Kalpetta,06-08-2021,8,2021,13000
Kerala,Kalpetta,07-08-2021,8,2021,13000
Kerala,Kalpetta,09-08-2021,8,2021,12900
Kerala,Pulpally,09-08-2021,8,2021,7800
Kerala,Kalpetta,10-08-2021,8,2021,12900
Kerala,Pulpally,10-08-2021,8,2021,7900
Kerala,Kalpetta,11-08-2021,8,2021,12600
Kerala,Pulpally,11-08-2021,8,2021,7800
Kerala,Kalpetta,12-08-2021,8,2021,12900
Kerala,Pulpally,12-08-2021,8,2021,6900
Kerala,Kalpetta,13-08-2021,8,2021,13000
Kerala,Pulpally,13-08-2021,8,2021,7900
Kerala,Kalpetta,14-08-2021,8,2021,13200
Kerala,Pulpally,14-08-2021,8,2021,7600
Kerala,Kalpetta,16-08-2021,8,2021,13200
Kerala,Pulpally,16-08-2021,8,2021,6900
Kerala,Kalpetta,17-08-2021,8,2021,13200
Kerala,Kalpetta,18-08-2021,8,2021,13200
Kerala,Kalpetta,19-08-2021,8,2021,13200
Kerala,Kalpetta,20-08-2021,8,2021,13200
Kerala,Kalpetta,21-08-2021,8,2021,13200
Kerala,Pulpally,21-08-2021,8,2021,7800
Kerala,Pulpally,22-08-2021,8,2021,7600
Kerala,Kalpetta,23-08-2021,8,2021,13100
Kerala,Kalpetta,24-08-2021,8,2021,13100
Kerala,Pulpally,24-08-2021,8,2021,7600
Kerala,Kalpetta,25-08-2021,8,2021,13200
Kerala,Pulpally,25-08-2021,8,2021,7600
Kerala,Kalpetta,26-08-2021,8,2021,13200
Kerala,Pulpally,26-08-2021,8,2021,7600
Kerala,Kalpetta,27-08-2021,8,2021,13200
Kerala,Pulpally,28-08-2021,8,2021,7600
Kerala,Pulpally,29-08-2021,8,2021,7600
Kerala,Pulpally,30-08-2021,8,2021,7800
Kerala,Kalpetta,31-08-2021,8,2021,13200
Kerala,Pulpally,31-08-2021,8,2021,7800
Kerala,Kalpetta,01-09-2021,9,2021,13200
Kerala,Pulpally,01-09-2021,9,2021,7600
Kerala,Kalpetta,02-09-2021,9,2021,13200
Kerala,Pulpally,02-09-2021,9,2021,7600
Kerala,Kalpetta,03-09-2021,9,2021,13200
Kerala,Manathavady,03-09-2021,9,2021,7600
Kerala,Pulpally,03-09-2021,9,2021,7600
Kerala,Kalpetta,04-09-2021,9,2021,13200
Kerala,Pulpally,04-09-2021,9,2021,7600
Kerala,Kalpetta,06-09-2021,9,2021,13200
Kerala,Pulpally,06-09-2021,9,2021,7600
Kerala,Kalpetta,07-09-2021,9,2021,13200
Kerala,Pulpally,07-09-2021,9,2021,7600
Kerala,Kalpetta,08-09-2021,9,2021,13200
Kerala,Pulpally,08-09-2021,9,2021,7600
Kerala,Kalpetta,09-09-2021,9,2021,13200
Kerala,Manathavady,09-09-2021,9,2021,7450
Kerala,Pulpally,09-09-2021,9,2021,7600
Kerala,Kalpetta,10-09-2021,9,2021,13300
Kerala,Manathavady,10-09-2021,9,2021,7450
Kerala,Pulpally,10-09-2021,9,2021,7600
Kerala,Kalpetta,11-09-2021,9,2021,13300
Kerala,Manathavady,11-09-2021,9,2021,7450
Kerala,Manathavady,12-09-2021,9,2021,7450
Kerala,Kalpetta,13-09-2021,9,2021,13300
Kerala,Manathavady,13-09-2021,9,2021,7550
Kerala,Pulpally,13-09-2021,9,2021,7600
Kerala,Kalpetta,14-09-2021,9,2021,13300
Kerala,Manathavady,14-09-2021,9,2021,7550
Kerala,Pulpally,14-09-2021,9,2021,7600
Kerala,Kalpetta,15-09-2021,9,2021,13300
Kerala,Manathavady,15-09-2021,9,2021,7550
Kerala,Pulpally,15-09-2021,9,2021,7800
Kerala,Kalpetta,16-09-2021,9,2021,13300
Kerala,Manathavady,16-09-2021,9,2021,7550
Kerala,Pulpally,16-09-2021,9,2021,7600
Kerala,Kalpetta,17-09-2021,9,2021,13300
Kerala,Manathavady,17-09-2021,9,2021,7550
Kerala,Pulpally,17-09-2021,9,2021,7600
Kerala,Kalpetta,18-09-2021,9,2021,13300
Kerala,Manathavady,18-09-2021,9,2021,7550
Kerala,Pulpally,18-09-2021,9,2021,7800
Kerala,Manathavady,19-09-2021,9,2021,7550
Kerala,Pulpally,19-09-2021,9,2021,7600
Kerala,Kalpetta,20-09-2021,9,2021,13500
Kerala,Manathavady,20-09-2021,9,2021,7550
Kerala,Pulpally,20-09-2021,9,2021,7600
Kerala,Kalpetta,21-09-2021,9,2021,13500
Kerala,Manathavady,21-09-2021,9,2021,7550
Kerala,Pulpally,21-09-2021,9,2021,7600
Kerala,Kalpetta,22-09-2021,9,2021,13500
Kerala,Manathavady,22-09-2021,9,2021,7550
Kerala,Pulpally,22-09-2021,9,2021,7600
Kerala,Kalpetta,23-09-2021,9,2021,13500
Kerala,Manathavady,23-09-2021,9,2021,7650
Kerala,Pulpally,23-09-2021,9,2021,7600
Kerala,Kalpetta,24-09-2021,9,2021,13500
Kerala,Manathavady,24-09-2021,9,2021,7650
Kerala,Pulpally,24-09-2021,9,2021,8800
Kerala,Kalpetta,25-09-2021,9,2021,13500
Kerala,Manathavady,25-09-2021,9,2021,7650
Kerala,Pulpally,25-09-2021,9,2021,7600
Kerala,Pulpally,26-09-2021,9,2021,7800
Kerala,Kalpetta,27-09-2021,9,2021,13500
Kerala,Kalpetta,28-09-2021,9,2021,13500
Kerala,Manathavady,28-09-2021,9,2021,2450
Kerala,Pulpally,28-09-2021,9,2021,7600
Kerala,Kalpetta,29-09-2021,9,2021,13500
Kerala,Manathavady,29-09-2021,9,2021,7550
Kerala,Pulpally,29-09-2021,9,2021,7700
Kerala,Kalpetta,30-09-2021,9,2021,13500
Kerala,Manathavady,30-09-2021,9,2021,7650
Kerala,Pulpally,30-09-2021,9,2021,7800
Kerala,Kalpetta,01-10-2021,10,2021,13400
Kerala,Manathavady,01-10-2021,10,2021,7650
Kerala,Pulpally,01-10-2021,10,2021,7900
Kerala,Kalpetta,02-10-2021,10,2021,13400
Kerala,Manathavady,02-10-2021,10,2021,7650
Kerala,Pulpally,02-10-2021,10,2021,7800
Kerala,Kalpetta,04-10-2021,10,2021,13400
Kerala,Manathavady,04-10-2021,10,2021,7650
Kerala,Pulpally,04-10-2021,10,2021,7800
Kerala,Kalpetta,05-10-2021,10,2021,13400
Kerala,Manathavady,05-10-2021,10,2021,7550
Kerala,Pulpally,05-10-2021,10,2021,7600
Kerala,Kalpetta,06-10-2021,10,2021,13400
Kerala,Manathavady,06-10-2021,10,2021,7650
Kerala,Pulpally,06-10-2021,10,2021,6900
Kerala,Kalpetta,07-10-2021,10,2021,13400
Kerala,Manathavady,07-10-2021,10,2021,7550
Kerala,Pulpally,07-10-2021,10,2021,7800
Kerala,Kalpetta,08-10-2021,10,2021,13400
Kerala,Manathavady,08-10-2021,10,2021,7550
Kerala,Pulpally,08-10-2021,10,2021,7600
Kerala,Kalpetta,09-10-2021,10,2021,13400
Kerala,Manathavady,09-10-2021,10,2021,7650
Kerala,Pulpally,09-10-2021,10,2021,7800
Kerala,Pulpally,10-10-2021,10,2021,7600
Kerala,Kalpetta,11-10-2021,10,2021,13300
Kerala,Manathavady,11-10-2021,10,2021,7650
Kerala,Pulpally,11-10-2021,10,2021,7800
Kerala,Kalpetta,12-10-2021,10,2021,13300
Kerala,Manathavady,12-10-2021,10,2021,7650
Kerala,Pulpally,12-10-2021,10,2021,7800
Kerala,Kalpetta,13-10-2021,10,2021,13300
Kerala,Manathavady,13-10-2021,10,2021,7650
Kerala,Pulpally,13-10-2021,10,2021,7900
Kerala,Kalpetta,14-10-2021,10,2021,13300
Kerala,Manathavady,14-10-2021,10,2021,7350
Kerala,Pulpally,14-10-2021,10,2021,7600
Kerala,Kalpetta,15-10-2021,10,2021,13300
Kerala,Manathavady,15-10-2021,10,2021,7450
Kerala,Pulpally,15-10-2021,10,2021,7800
Kerala,Kalpetta,16-10-2021,10,2021,13300
Kerala,Manathavady,16-10-2021,10,2021,7450
Kerala,Pulpally,16-10-2021,10,2021,7800
Kerala,Pulpally,17-10-2021,10,2021,7600
Kerala,Kalpetta,18-10-2021,10,2021,13300
Kerala,Manathavady,18-10-2021,10,2021,7350
Kerala,Pulpally,18-10-2021,10,2021,7800
Kerala,Kalpetta,19-10-2021,10,2021,13200
Kerala,Pulpally,19-10-2021,10,2021,7900
Kerala,Kalpetta,20-10-2021,10,2021,13200
Kerala,Manathavady,20-10-2021,10,2021,7350
Kerala,Pulpally,20-10-2021,10,2021,7600
Kerala,Kalpetta,21-10-2021,10,2021,13200
Kerala,Manathavady,21-10-2021,10,2021,7250
Kerala,Pulpally,21-10-2021,10,2021,8800
Kerala,Kalpetta,22-10-2021,10,2021,13200
Kerala,Manathavady,22-10-2021,10,2021,7250
Kerala,Pulpally,22-10-2021,10,2021,8900
Kerala,Kalpetta,23-10-2021,10,2021,13200
Kerala,Manathavady,23-10-2021,10,2021,7250
Kerala,Pulpally,23-10-2021,10,2021,7800
Kerala,Kalpetta,25-10-2021,10,2021,13200
Kerala,Manathavady,25-10-2021,10,2021,7250
Kerala,Pulpally,25-10-2021,10,2021,8600
Kerala,Kalpetta,27-10-2021,10,2021,13200
Kerala,Manathavady,27-10-2021,10,2021,7250
Kerala,Pulpally,27-10-2021,10,2021,8600
Kerala,Kalpetta,28-10-2021,10,2021,13300
Kerala,Manathavady,28-10-2021,10,2021,7350
Kerala,Pulpally,28-10-2021,10,2021,7800
Kerala,Kalpetta,29-10-2021,10,2021,13300
Kerala,Manathavady,29-10-2021,10,2021,7450
Kerala,Pulpally,29-10-2021,10,2021,7800
Kerala,Kalpetta,30-10-2021,10,2021,13300
Kerala,Manathavady,30-10-2021,10,2021,7350
Kerala,Pulpally,30-10-2021,10,2021,7800
Kerala,Kalpetta,01-11-2021,11,2021,13300
Kerala,Manathavady,01-11-2021,11,2021,7450
Kerala,Pulpally,01-11-2021,11,2021,8800
Kerala,Kalpetta,02-11-2021,11,2021,13300
Kerala,Manathavady,02-11-2021,11,2021,7350
Kerala,Pulpally,02-11-2021,11,2021,7600
Kerala,Kalpetta,03-11-2021,11,2021,13400
Kerala,Manathavady,03-11-2021,11,2021,7450
Kerala,Pulpally,03-11-2021,11,2021,7800
Kerala,Kalpetta,04-11-2021,11,2021,13300
Kerala,Manathavady,04-11-2021,11,2021,7350
Kerala,Pulpally,04-11-2021,11,2021,7600
Kerala,Kalpetta,05-11-2021,11,2021,13300
Kerala,Manathavady,05-11-2021,11,2021,7450
Kerala,Pulpally,05-11-2021,11,2021,7800
Kerala,Kalpetta,06-11-2021,11,2021,13300
Kerala,Manathavady,06-11-2021,11,2021,7450
Kerala,Pulpally,07-11-2021,11,2021,7600
Kerala,Kalpetta,08-11-2021,11,2021,13400
Kerala,Manathavady,08-11-2021,11,2021,7450
Kerala,Pulpally,08-11-2021,11,2021,7900
Kerala,Kalpetta,09-11-2021,11,2021,13400
Kerala,Manathavady,09-11-2021,11,2021,7450
Kerala,Pulpally,09-11-2021,11,2021,7900
Kerala,Kalpetta,10-11-2021,11,2021,13400
Kerala,Manathavady,10-11-2021,11,2021,7450
Kerala,Pulpally,10-11-2021,11,2021,8800
Kerala,Kalpetta,11-11-2021,11,2021,13400
Kerala,Manathavady,11-11-2021,11,2021,7450
Kerala,Pulpally,11-11-2021,11,2021,8600
Kerala,Kalpetta,12-11-2021,11,2021,13400
Kerala,Manathavady,12-11-2021,11,2021,7450
Kerala,Pulpally,12-11-2021,11,2021,8800
Kerala,Manathavady,13-11-2021,11,2021,7450
Kerala,Kalpetta,15-11-2021,11,2021,13400
Kerala,Manathavady,15-11-2021,11,2021,7450
Kerala,Pulpally,15-11-2021,11,2021,8800
Kerala,Nedumkandam,16-11-2021,11,2021,12000
Kerala,Kalpetta,16-11-2021,11,2021,13400
Kerala,Manathavady,16-11-2021,11,2021,7550
Kerala,Pulpally,16-11-2021,11,2021,8600
Kerala,Kalpetta,17-11-2021,11,2021,13400
Kerala,Manathavady,17-11-2021,11,2021,7450
Kerala,Pulpally,17-11-2021,11,2021,8800
Kerala,Kalpetta,18-11-2021,11,2021,13500
Kerala,Manathavady,18-11-2021,11,2021,7450
Kerala,Pulpally,18-11-2021,11,2021,7600
Kerala,Kalpetta,19-11-2021,11,2021,13500
Kerala,Manathavady,19-11-2021,11,2021,7450
Kerala,Pulpally,19-11-2021,11,2021,8500
Kerala,Kalpetta,20-11-2021,11,2021,13500
Kerala,Manathavady,20-11-2021,11,2021,7450
Kerala,Pulpally,20-11-2021,11,2021,7900
Kerala,Kalpetta,22-11-2021,11,2021,13500
Kerala,Manathavady,22-11-2021,11,2021,7450
Kerala,Kalpetta,23-11-2021,11,2021,13500
Kerala,Manathavady,23-11-2021,11,2021,7450
Kerala,Pulpally,23-11-2021,11,2021,7800
Kerala,Kalpetta,24-11-2021,11,2021,13500
Kerala,Manathavady,24-11-2021,11,2021,7450
Kerala,Pulpally,24-11-2021,11,2021,7800
Kerala,Kalpetta,25-11-2021,11,2021,13700
Kerala,Manathavady,25-11-2021,11,2021,7550
Kerala,Pulpally,25-11-2021,11,2021,7600
Kerala,Kalpetta,26-11-2021,11,2021,13700
Kerala,Manathavady,26-11-2021,11,2021,7550
Kerala,Pulpally,26-11-2021,11,2021,7800
Kerala,Kalpetta,27-11-2021,11,2021,13700
Kerala,Manathavady,27-11-2021,11,2021,7550
Kerala,Pulpally,27-11-2021,11,2021,7800
Kerala,Pulpally,28-11-2021,11,2021,7600
Kerala,Kalpetta,29-11-2021,11,2021,13700
Kerala,Manathavady,29-11-2021,11,2021,7550
Kerala,Pulpally,29-11-2021,11,2021,7600
Kerala,Kalpetta,30-11-2021,11,2021,13700
Kerala,Manathavady,30-11-2021,11,2021,7550
Kerala,Pulpally,30-11-2021,11,2021,7800
Kerala,Kalpetta,01-12-2021,12,2021,13800
Kerala,Manathavady,01-12-2021,12,2021,7550
Kerala,Pulpally,01-12-2021,12,2021,7800
Kerala,Kalpetta,02-12-2021,12,2021,13800
Kerala,Manathavady,02-12-2021,12,2021,7650
Kerala,Pulpally,02-12-2021,12,2021,7700
Kerala,Kalpetta,03-12-2021,12,2021,13800
Kerala,Manathavady,03-12-2021,12,2021,7650
Kerala,Pulpally,03-12-2021,12,2021,7800
Kerala,Kalpetta,04-12-2021,12,2021,13800
Kerala,Manathavady,04-12-2021,12,2021,7650
Kerala,Pulpally,04-12-2021,12,2021,8800
Kerala,Kalpetta,06-12-2021,12,2021,13800
Kerala,Manathavady,06-12-2021,12,2021,7650
Kerala,Pulpally,06-12-2021,12,2021,7900
Kerala,Kalpetta,07-12-2021,12,2021,13800
Kerala,Manathavady,07-12-2021,12,2021,7650
Kerala,Pulpally,07-12-2021,12,2021,8800
Kerala,Kalpetta,08-12-2021,12,2021,13800
Kerala,Manathavady,08-12-2021,12,2021,7750
Kerala,Pulpally,08-12-2021,12,2021,7000
Kerala,Kalpetta,09-12-2021,12,2021,14000
Kerala,Manathavady,09-12-2021,12,2021,7750
Kerala,Pulpally,09-12-2021,12,2021,7800
Kerala,Thodupuzha,10-12-2021,12,2021,21000
Kerala,Kalpetta,10-12-2021,12,2021,14000
Kerala,Manathavady,10-12-2021,12,2021,7750
Kerala,Pulpally,10-12-2021,12,2021,7700
Kerala,Kalpetta,11-12-2021,12,2021,14100
Kerala,Manathavady,11-12-2021,12,2021,7750
Kerala,Pulpally,11-12-2021,12,2021,8800
Kerala,Kalpetta,13-12-2021,12,2021,14100
Kerala,Manathavady,13-12-2021,12,2021,7750
Kerala,Pulpally,13-12-2021,12,2021,7800
Kerala,Kalpetta,14-12-2021,12,2021,14100
Kerala,Manathavady,14-12-2021,12,2021,7350
Kerala,Pulpally,14-12-2021,12,2021,7800
Kerala,Kalpetta,15-12-2021,12,2021,14100
Kerala,Manathavady,15-12-2021,12,2021,7350
Kerala,Pulpally,15-12-2021,12,2021,7800
Kerala,Kalpetta,16-12-2021,12,2021,14100
Kerala,Manathavady,16-12-2021,12,2021,7350
Kerala,Pulpally,16-12-2021,12,2021,7800
Kerala,Kalpetta,17-12-2021,12,2021,14100
Kerala,Manathavady,17-12-2021,12,2021,7350
Kerala,Pulpally,17-12-2021,12,2021,7800
Kerala,Kalpetta,18-12-2021,12,2021,14300
Kerala,Manathavady,18-12-2021,12,2021,7450
Kerala,Pulpally,18-12-2021,12,2021,6700
Kerala,Kalpetta,20-12-2021,12,2021,14200
Kerala,Manathavady,20-12-2021,12,2021,7450
Kerala,Pulpally,20-12-2021,12,2021,7900
Kerala,Kalpetta,21-12-2021,12,2021,14200
Kerala,Manathavady,21-12-2021,12,2021,7450
Kerala,Pulpally,21-12-2021,12,2021,7800
Kerala,Manathavady,22-12-2021,12,2021,7550
Kerala,Pulpally,22-12-2021,12,2021,7800
Kerala,Kalpetta,23-12-2021,12,2021,14400
Kerala,Manathavady,23-12-2021,12,2021,7750
Kerala,Pulpally,23-12-2021,12,2021,8800
Kerala,Kalpetta,24-12-2021,12,2021,14300
Kerala,Manathavady,24-12-2021,12,2021,7850
Kerala,Pulpally,24-12-2021,12,2021,7800
Kerala,Kalpetta,25-12-2021,12,2021,14300
Kerala,Pulpally,25-12-2021,12,2021,8600
Kerala,Kalpetta,26-12-2021,12,2021,14300
Kerala,Kalpetta,27-12-2021,12,2021,14400
Kerala,Pulpally,27-12-2021,12,2021,8800
Kerala,Kalpetta,28-12-2021,12,2021,14500
Kerala,Manathavady,28-12-2021,12,2021,7950
Kerala,Pulpally,28-12-2021,12,2021,7800
Kerala,Kalpetta,29-12-2021,12,2021,14500
Kerala,Manathavady,29-12-2021,12,2021,7950
Kerala,Pulpally,29-12-2021,12,2021,7800
Kerala,Manathavady,30-12-2021,12,2021,7950
Kerala,Pulpally,30-12-2021,12,2021,6600
Kerala,Kalpetta,01-01-2022,1,2022,14500
Kerala,Manathavady,01-01-2022,1,2022,8150
Kerala,Pulpally,01-01-2022,1,2022,7800
Kerala,Kalpetta,03-01-2022,1,2022,14500
Kerala,Manathavady,03-01-2022,1,2022,8150
Kerala,Pulpally,03-01-2022,1,2022,7800
Kerala,Nedumkandam,04-01-2022,1,2022,12000
Kerala,Kalpetta,04-01-2022,1,2022,14500
Kerala,Manathavady,04-01-2022,1,2022,8350
Kerala,Pulpally,04-01-2022,1,2022,7800
Kerala,Kalpetta,05-01-2022,1,2022,14500
Kerala,Manathavady,05-01-2022,1,2022,8450
Kerala,Pulpally,05-01-2022,1,2022,7600
Kerala,Kalpetta,06-01-2022,1,2022,14600
Kerala,Manathavady,06-01-2022,1,2022,8450
Kerala,Pulpally,06-01-2022,1,2022,7800
Kerala,Kalpetta,07-01-2022,1,2022,14600
Kerala,Manathavady,07-01-2022,1,2022,8350
Kerala,Pulpally,07-01-2022,1,2022,7800
Kerala,Manathavady,08-01-2022,1,2022,8350
Kerala,Kalpetta,10-01-2022,1,2022,14600
Kerala,Manathavady,10-01-2022,1,2022,8250
Kerala,Pulpally,10-01-2022,1,2022,7800
Kerala,Kalpetta,11-01-2022,1,2022,14600
Kerala,Manathavady,11-01-2022,1,2022,8250
Kerala,Pulpally,11-01-2022,1,2022,7800
Kerala,Kalpetta,12-01-2022,1,2022,14600
Kerala,Manathavady,12-01-2022,1,2022,8250
Kerala,Pulpally,12-01-2022,1,2022,7800
Kerala,Kalpetta,13-01-2022,1,2022,14600
Kerala,Manathavady,13-01-2022,1,2022,8150
Kerala,Pulpally,13-01-2022,1,2022,7600
Kerala,Kalpetta,14-01-2022,1,2022,14500
Kerala,Manathavady,14-01-2022,1,2022,8150
Kerala,Pulpally,14-01-2022,1,2022,7800
Kerala,Kalpetta,15-01-2022,1,2022,14500
Kerala,Manathavady,15-01-2022,1,2022,8050
Kerala,Pulpally,15-01-2022,1,2022,7600
Kerala,Pulpally,16-01-2022,1,2022,7800
Kerala,Kalpetta,17-01-2022,1,2022,14500
Kerala,Manathavady,17-01-2022,1,2022,8150
Kerala,Pulpally,17-01-2022,1,2022,7600
Kerala,Kalpetta,18-01-2022,1,2022,14500
Kerala,Manathavady,18-01-2022,1,2022,8150
Kerala,Pulpally,18-01-2022,1,2022,7800
Kerala,Kalpetta,19-01-2022,1,2022,14500
Kerala,Manathavady,19-01-2022,1,2022,8050
Kerala,Pulpally,19-01-2022,1,2022,7800
Kerala,Kalpetta,20-01-2022,1,2022,14400
Kerala,Manathavady,20-01-2022,1,2022,8050
Kerala,Pulpally,20-01-2022,1,2022,7800
Kerala,Kalpetta,21-01-2022,1,2022,14400
Kerala,Manathavady,21-01-2022,1,2022,8050
Kerala,Pulpally,21-01-2022,1,2022,7800
Kerala,Kalpetta,22-01-2022,1,2022,14500
Kerala,Manathavady,22-01-2022,1,2022,8150
Kerala,Pulpally,22-01-2022,1,2022,7600
Kerala,Kalpetta,24-01-2022,1,2022,14400
Kerala,Manathavady,24-01-2022,1,2022,8150
Kerala,Pulpally,24-01-2022,1,2022,7800
Kerala,Kalpetta,25-01-2022,1,2022,14500
Kerala,Manathavady,25-01-2022,1,2022,8050
Kerala,Pulpally,25-01-2022,1,2022,7600
Kerala,Kalpetta,26-01-2022,1,2022,14500
Kerala,Manathavady,26-01-2022,1,2022,8150
Kerala,Pulpally,26-01-2022,1,2022,7600
Kerala,Kalpetta,27-01-2022,1,2022,14400
Kerala,Manathavady,27-01-2022,1,2022,8150
Kerala,Pulpally,27-01-2022,1,2022,8600
Kerala,Kalpetta,28-01-2022,1,2022,14400
Kerala,Manathavady,28-01-2022,1,2022,8150
Kerala,Pulpally,28-01-2022,1,2022,7800
Kerala,Manathavady,29-01-2022,1,2022,8150
Kerala,Pulpally,29-01-2022,1,2022,7800
Kerala,Kalpetta,31-01-2022,1,2022,14400
Kerala,Pulpally,31-01-2022,1,2022,7600
Kerala,Kalpetta,01-02-2022,2,2022,14400
Kerala,Manathavady,01-02-2022,2,2022,8150
Kerala,Pulpally,01-02-2022,2,2022,7600
Kerala,Kalpetta,02-02-2022,2,2022,14400
Kerala,Manathavady,02-02-2022,2,2022,8150
Kerala,Pulpally,02-02-2022,2,2022,7800
Kerala,Kalpetta,03-02-2022,2,2022,14400
Kerala,Manathavady,03-02-2022,2,2022,8150
Kerala,Pulpally,03-02-2022,2,2022,7800
Kerala,Kalpetta,04-02-2022,2,2022,14400
Kerala,Manathavady,04-02-2022,2,2022,8200
Kerala,Pulpally,04-02-2022,2,2022,7800
Kerala,Kalpetta,05-02-2022,2,2022,14500
Kerala,Manathavady,05-02-2022,2,2022,8300
Kerala,Pulpally,05-02-2022,2,2022,7600
Kerala,Kalpetta,07-02-2022,2,2022,14500
Kerala,Manathavady,07-02-2022,2,2022,8150
Kerala,Pulpally,07-02-2022,2,2022,8500
Kerala,Kalpetta,08-02-2022,2,2022,14500
Kerala,Manathavady,08-02-2022,2,2022,8300
Kerala,Pulpally,08-02-2022,2,2022,7600
Kerala,Kalpetta,09-02-2022,2,2022,14600
Kerala,Manathavady,09-02-2022,2,2022,8300
Kerala,Pulpally,09-02-2022,2,2022,8300
Kerala,Pulpally,10-02-2022,2,2022,8300
Kerala,Kalpetta,11-02-2022,2,2022,14600
Kerala,Manathavady,11-02-2022,2,2022,8300
Kerala,Pulpally,11-02-2022,2,2022,8300
Kerala,Kalpetta,14-02-2022,2,2022,14500
Kerala,Pulpally,14-02-2022,2,2022,8400
Kerala,Kalpetta,15-02-2022,2,2022,14500
Kerala,Manathavady,15-02-2022,2,2022,8400
Kerala,Pulpally,15-02-2022,2,2022,8600
Kerala,Kalpetta,16-02-2022,2,2022,15000
Kerala,Manathavady,16-02-2022,2,2022,8400
Kerala,Pulpally,16-02-2022,2,2022,8600
Kerala,Kalpetta,17-02-2022,2,2022,15000
Kerala,Manathavady,17-02-2022,2,2022,8500
Kerala,Pulpally,17-02-2022,2,2022,8700
Kerala,Kalpetta,18-02-2022,2,2022,15000
Kerala,Manathavady,18-02-2022,2,2022,8500
Kerala,Pulpally,18-02-2022,2,2022,8700
Kerala,Kalpetta,19-02-2022,2,2022,15000
Kerala,Manathavady,19-02-2022,2,2022,8600
Kerala,Pulpally,19-02-2022,2,2022,8700
Kerala,Kalpetta,21-02-2022,2,2022,15000
Kerala,Pulpally,21-02-2022,2,2022,8750
Kerala,Kalpetta,22-02-2022,2,2022,15200
Kerala,Manathavady,22-02-2022,2,2022,8600
Kerala,Pulpally,22-02-2022,2,2022,8800
Kerala,Kalpetta,23-02-2022,2,2022,15200
Kerala,Manathavady,23-02-2022,2,2022,8600
Kerala,Pulpally,23-02-2022,2,2022,8900
Kerala,Kalpetta,24-02-2022,2,2022,15400
Kerala,Manathavady,24-02-2022,2,2022,8800
Kerala,Pulpally,24-02-2022,2,2022,8900
Kerala,Kalpetta,25-02-2022,2,2022,15500
Kerala,Manathavady,25-02-2022,2,2022,8802
Kerala,Pulpally,25-02-2022,2,2022,9000
Kerala,Kalpetta,26-02-2022,2,2022,15500
Kerala,Manathavady,26-02-2022,2,2022,8700
Kerala,Pulpally,26-02-2022,2,2022,8900
Kerala,Manathavady,27-02-2022,2,2022,8600
Kerala,Kalpetta,28-02-2022,2,2022,15400
Kerala,Manathavady,28-02-2022,2,2022,8600
Kerala,Pulpally,28-02-2022,2,2022,8850
Kerala,Kalpetta,02-03-2022,3,2022,15400
Kerala,Manathavady,02-03-2022,3,2022,8500
Kerala,Pulpally,02-03-2022,3,2022,8650
Kerala,Kalpetta,03-03-2022,3,2022,15300
Kerala,Manathavady,03-03-2022,3,2022,8500
Kerala,Pulpally,03-03-2022,3,2022,8500
Kerala,Kalpetta,04-03-2022,3,2022,8400
Kerala,Manathavady,04-03-2022,3,2022,8300
Kerala,Pulpally,04-03-2022,3,2022,8400
Kerala,Kalpetta,05-03-2022,3,2022,8400
Kerala,Manathavady,05-03-2022,3,2022,8400
Kerala,Kalpetta,07-03-2022,3,2022,8300
Kerala,Manathavady,07-03-2022,3,2022,8400
Kerala,Pulpally,07-03-2022,3,2022,8500
Kerala,Kalpetta,08-03-2022,3,2022,8300
Kerala,Manathavady,08-03-2022,3,2022,8400
Kerala,Pulpally,08-03-2022,3,2022,8500
Kerala,Kalpetta,09-03-2022,3,2022,8300
Kerala,Manathavady,09-03-2022,3,2022,8400
Kerala,Pulpally,09-03-2022,3,2022,8400
Kerala,Kalpetta,10-03-2022,3,2022,8300
Kerala,Manathavady,10-03-2022,3,2022,8600
Kerala,Pulpally,10-03-2022,3,2022,8500
Kerala,Kalpetta,11-03-2022,3,2022,8300
Kerala,Pulpally,11-03-2022,3,2022,8600
Kerala,Manathavady,12-03-2022,3,2022,8600
Kerala,Pulpally,12-03-2022,3,2022,8700
Kerala,Kalpetta,14-03-2022,3,2022,8400
Kerala,Manathavady,14-03-2022,3,2022,8650
Kerala,Pulpally,14-03-2022,3,2022,8800
Kerala,Kalpetta,15-03-2022,3,2022,8400
Kerala,Manathavady,15-03-2022,3,2022,8600
Kerala,Pulpally,15-03-2022,3,2022,8700
Kerala,Kalpetta,16-03-2022,3,2022,8400
Kerala,Manathavady,16-03-2022,3,2022,8600
Kerala,Pulpally,16-03-2022,3,2022,8800
Kerala,Kalpetta,17-03-2022,3,2022,8400
Kerala,Manathavady,17-03-2022,3,2022,8600
Kerala,Pulpally,17-03-2022,3,2022,8800
Kerala,Kalpetta,18-03-2022,3,2022,8400
Kerala,Manathavady,18-03-2022,3,2022,8600
Kerala,Pulpally,18-03-2022,3,2022,8900
Kerala,Kalpetta,19-03-2022,3,2022,8400
Kerala,Manathavady,19-03-2022,3,2022,8700
Kerala,Pulpally,19-03-2022,3,2022,8800
Kerala,Kalpetta,21-03-2022,3,2022,8500
Kerala,Pulpally,21-03-2022,3,2022,8800
Kerala,Kalpetta,22-03-2022,3,2022,8500
Kerala,Manathavady,22-03-2022,3,2022,8700
Kerala,Pulpally,22-03-2022,3,2022,8900
Kerala,Kalpetta,23-03-2022,3,2022,8500
Kerala,Manathavady,23-03-2022,3,2022,8700
Kerala,Pulpally,23-03-2022,3,2022,8800
Kerala,Kalpetta,24-03-2022,3,2022,8500
Kerala,Manathavady,24-03-2022,3,2022,8700
Kerala,Pulpally,24-03-2022,3,2022,8900
Kerala,Kalpetta,25-03-2022,3,2022,8500
Kerala,Manathavady,25-03-2022,3,2022,8750
Kerala,Pulpally,25-03-2022,3,2022,8900
Kerala,Kalpetta,26-03-2022,3,2022,8500
Kerala,Manathavady,26-03-2022,3,2022,8800
Kerala,Pulpally,26-03-2022,3,2022,8800
Kerala,Manathavady,27-03-2022,3,2022,8700
Kerala,Manathavady,28-03-2022,3,2022,8700
Kerala,Pulpally,28-03-2022,3,2022,8800
Kerala,Pulpally,29-03-2022,3,2022,8800
Kerala,Kalpetta,30-03-2022,3,2022,8500
Kerala,Pulpally,30-03-2022,3,2022,8800
Kerala,Kalpetta,31-03-2022,3,2022,8500
Kerala,Pulpally,31-03-2022,3,2022,8800
Kerala,Kalpetta,01-04-2022,4,2022,15500
Kerala,Manathavady,01-04-2022,4,2022,8750
Kerala,Pulpally,01-04-2022,4,2022,8900
Kerala,Manathavady,02-04-2022,4,2022,8750
Kerala,Pulpally,02-04-2022,4,2022,8700
Kerala,Kalpetta,03-04-2022,4,2022,15500
Kerala,Kalpetta,04-04-2022,4,2022,15500
Kerala,Manathavady,04-04-2022,4,2022,8750
Kerala,Pulpally,04-04-2022,4,2022,8900
Kerala,Kalpetta,05-04-2022,4,2022,15500
Kerala,Manathavady,05-04-2022,4,2022,8850
Kerala,Pulpally,05-04-2022,4,2022,9000
Kerala,Kalpetta,06-04-2022,4,2022,15500
Kerala,Manathavady,06-04-2022,4,2022,8850
Kerala,Pulpally,06-04-2022,4,2022,8900
Kerala,Kalpetta,07-04-2022,4,2022,15700
Kerala,Manathavady,07-04-2022,4,2022,8850
Kerala,Pulpally,07-04-2022,4,2022,8900
Kerala,Kalpetta,08-04-2022,4,2022,15700
Kerala,Manathavady,08-04-2022,4,2022,950
Kerala,Pulpally,08-04-2022,4,2022,8900
Kerala,Kalpetta,09-04-2022,4,2022,15700
Kerala,Manathavady,09-04-2022,4,2022,8850
Kerala,Pulpally,09-04-2022,4,2022,9100
Kerala,Pulpally,10-04-2022,4,2022,9000
Kerala,Kalpetta,11-04-2022,4,2022,15900
Kerala,Manathavady,11-04-2022,4,2022,8950
Kerala,Pulpally,11-04-2022,4,2022,9000
Kerala,Kalpetta,12-04-2022,4,2022,15900
Kerala,Manathavady,12-04-2022,4,2022,8950
Kerala,Pulpally,12-04-2022,4,2022,9100
Kerala,Kalpetta,13-04-2022,4,2022,15800
Kerala,Manathavady,13-04-2022,4,2022,8950
Kerala,Pulpally,13-04-2022,4,2022,9000
Kerala,Kalpetta,14-04-2022,4,2022,15800
Kerala,Manathavady,14-04-2022,4,2022,8950
Kerala,Pulpally,15-04-2022,4,2022,8900
Kerala,Kalpetta,16-04-2022,4,2022,15900
Kerala,Manathavady,16-04-2022,4,2022,8850
Kerala,Pulpally,16-04-2022,4,2022,8900
Kerala,Kalpetta,17-04-2022,4,2022,15900
Kerala,Kalpetta,18-04-2022,4,2022,16000
Kerala,Manathavady,18-04-2022,4,2022,8950
Kerala,Pulpally,18-04-2022,4,2022,8900
Kerala,Kalpetta,19-04-2022,4,2022,16000
Kerala,Manathavady,19-04-2022,4,2022,8950
Kerala,Pulpally,19-04-2022,4,2022,9100
Kerala,Kalpetta,20-04-2022,4,2022,16000
Kerala,Manathavady,20-04-2022,4,2022,8950
Kerala,Pulpally,20-04-2022,4,2022,9200
Kerala,Kalpetta,21-04-2022,4,2022,16100
Kerala,Manathavady,21-04-2022,4,2022,8950
Kerala,Pulpally,21-04-2022,4,2022,9200
Kerala,Kalpetta,22-04-2022,4,2022,16000
Kerala,Manathavady,22-04-2022,4,2022,9050
Kerala,Pulpally,22-04-2022,4,2022,9100
Kerala,Kalpetta,23-04-2022,4,2022,16000
Kerala,Manathavady,23-04-2022,4,2022,9150
Kerala,Pulpally,23-04-2022,4,2022,9100
Kerala,Kalpetta,25-04-2022,4,2022,16100
Kerala,Manathavady,25-04-2022,4,2022,9150
Kerala,Pulpally,25-04-2022,4,2022,9200
Kerala,Kalpetta,26-04-2022,4,2022,16100
Kerala,Manathavady,26-04-2022,4,2022,9250
Kerala,Pulpally,26-04-2022,4,2022,9300
Kerala,Kalpetta,27-04-2022,4,2022,16100
Kerala,Manathavady,27-04-2022,4,2022,9250
Kerala,Pulpally,27-04-2022,4,2022,9400
Kerala,Kalpetta,28-04-2022,4,2022,16100
Kerala,Manathavady,28-04-2022,4,2022,9250
Kerala,Kalpetta,29-04-2022,4,2022,16100
Kerala,Manathavady,29-04-2022,4,2022,9250
Kerala,Manathavady,30-04-2022,4,2022,9250
Kerala,Kalpetta,02-05-2022,5,2022,16100
Kerala,Manathavady,02-05-2022,5,2022,9250
Kerala,Kalpetta,03-05-2022,5,2022,16100
Kerala,Pulpally,03-05-2022,5,2022,9300
Kerala,Kalpetta,04-05-2022,5,2022,16100
Kerala,Manathavady,04-05-2022,5,2022,9450
Kerala,Pulpally,04-05-2022,5,2022,9200
Kerala,Kalpetta,05-05-2022,5,2022,16100
Kerala,Manathavady,05-05-2022,5,2022,9450
Kerala,Pulpally,05-05-2022,5,2022,9200
Kerala,Kalpetta,06-05-2022,5,2022,16100
Kerala,Manathavady,06-05-2022,5,2022,9450
Kerala,Pulpally,06-05-2022,5,2022,9200
Kerala,Kalpetta,07-05-2022,5,2022,16400
Kerala,Manathavady,07-05-2022,5,2022,9550
Kerala,Pulpally,07-05-2022,5,2022,9600
Kerala,Kalpetta,09-05-2022,5,2022,16400
Kerala,Pulpally,09-05-2022,5,2022,9600
Kerala,Kalpetta,10-05-2022,5,2022,16400
Kerala,Manathavady,10-05-2022,5,2022,9550
Kerala,Pulpally,10-05-2022,5,2022,9600
Kerala,Kalpetta,11-05-2022,5,2022,16500
Kerala,Manathavady,11-05-2022,5,2022,9450
Kerala,Pulpally,11-05-2022,5,2022,9700
Kerala,Kalpetta,12-05-2022,5,2022,16500
Kerala,Manathavady,12-05-2022,5,2022,9450
Kerala,Pulpally,12-05-2022,5,2022,9600
Kerala,Kalpetta,13-05-2022,5,2022,16600
Kerala,Manathavady,13-05-2022,5,2022,9450
Kerala,Pulpally,13-05-2022,5,2022,9700
Kerala,Kalpetta,14-05-2022,5,2022,16600
Kerala,Manathavady,14-05-2022,5,2022,9450
Kerala,Pulpally,15-05-2022,5,2022,9600
Kerala,Kalpetta,16-05-2022,5,2022,16600
Kerala,Manathavady,16-05-2022,5,2022,9650
Kerala,Kalpetta,17-05-2022,5,2022,16600
Kerala,Manathavady,17-05-2022,5,2022,9650
Kerala,Pulpally,17-05-2022,5,2022,9700
Kerala,Kalpetta,18-05-2022,5,2022,16600
Kerala,Manathavady,18-05-2022,5,2022,9750
Kerala,Pulpally,18-05-2022,5,2022,9700
Kerala,Kalpetta,19-05-2022,5,2022,16700
Kerala,Manathavady,19-05-2022,5,2022,9750
Kerala,Pulpally,19-05-2022,5,2022,9800
Kerala,Kalpetta,20-05-2022,5,2022,16900
Kerala,Manathavady,20-05-2022,5,2022,9750
Kerala,Pulpally,20-05-2022,5,2022,9600
Kerala,Kalpetta,21-05-2022,5,2022,16900
Kerala,Manathavady,21-05-2022,5,2022,9750
Kerala,Pulpally,22-05-2022,5,2022,9700
Kerala,Kalpetta,23-05-2022,5,2022,16900
Kerala,Manathavady,23-05-2022,5,2022,9750
Kerala,Kalpetta,24-05-2022,5,2022,16800
Kerala,Manathavady,24-05-2022,5,2022,9500
Kerala,Pulpally,24-05-2022,5,2022,9900
Kerala,Kalpetta,25-05-2022,5,2022,16900
Kerala,Manathavady,25-05-2022,5,2022,9500
Kerala,Kalpetta,26-05-2022,5,2022,16900
Kerala,Manathavady,26-05-2022,5,2022,9500
Kerala,Kalpetta,27-05-2022,5,2022,17000
Kerala,Manathavady,27-05-2022,5,2022,9500
Kerala,Kalpetta,28-05-2022,5,2022,17000
Kerala,Manathavady,28-05-2022,5,2022,10050
Kerala,Kalpetta,30-05-2022,5,2022,17000
Kerala,Manathavady,30-05-2022,5,2022,10050
Kerala,Pulpally,30-05-2022,5,2022,9900
Kerala,Kalpetta,31-05-2022,5,2022,17600
Kerala,Manathavady,31-05-2022,5,2022,9500
Kerala,Pulpally,31-05-2022,5,2022,9800
Kerala,Kalpetta,01-06-2022,6,2022,17600
Kerala,Manathavady,01-06-2022,6,2022,9500
Kerala,Pulpally,01-06-2022,6,2022,9800
Kerala,Kalpetta,02-06-2022,6,2022,17600
Kerala,Manathavady,02-06-2022,6,2022,9500
Kerala,Pulpally,02-06-2022,6,2022,9800
Kerala,Kalpetta,03-06-2022,6,2022,17500
Kerala,Manathavady,03-06-2022,6,2022,10050
Kerala,Kalpetta,04-06-2022,6,2022,17500
Kerala,Manathavady,04-06-2022,6,2022,10050
Kerala,Kalpetta,06-06-2022,6,2022,17500
Kerala,Manathavady,06-06-2022,6,2022,9500
Kerala,Kalpetta,07-06-2022,6,2022,17500
Kerala,Manathavady,07-06-2022,6,2022,9500
Kerala,Kalpetta,08-06-2022,6,2022,17600
Kerala,Manathavady,08-06-2022,6,2022,10050
Kerala,Kalpetta,09-06-2022,6,2022,17700
Kerala,Manathavady,09-06-2022,6,2022,10050
Kerala,Kalpetta,10-06-2022,6,2022,17700
Kerala,Manathavady,10-06-2022,6,2022,10050
Kerala,Manathavady,11-06-2022,6,2022,10050
Kerala,Kalpetta,13-06-2022,6,2022,17700
Kerala,Manathavady,13-06-2022,6,2022,10050
Kerala,Kalpetta,14-06-2022,6,2022,17600
Kerala,Manathavady,14-06-2022,6,2022,9500
Kerala,Kalpetta,15-06-2022,6,2022,17700
Kerala,Manathavady,15-06-2022,6,2022,9500
Kerala,Kalpetta,16-06-2022,6,2022,17500
Kerala,Kalpetta,17-06-2022,6,2022,17500
Kerala,Manathavady,17-06-2022,6,2022,9500
Kerala,Kalpetta,18-06-2022,6,2022,17500
Kerala,Manathavady,18-06-2022,6,2022,9500
Kerala,Kalpetta,20-06-2022,6,2022,17500
Kerala,Manathavady,20-06-2022,6,2022,9500
Kerala,Kalpetta,21-06-2022,6,2022,17700
Kerala,Manathavady,21-06-2022,6,2022,9500
Kerala,Kalpetta,22-06-2022,6,2022,17700
Kerala,Manathavady,22-06-2022,6,2022,9500
Kerala,Kalpetta,23-06-2022,6,2022,17500
Kerala,Manathavady,23-06-2022,6,2022,9500
Kerala,Kalpetta,24-06-2022,6,2022,17500
Kerala,Manathavady,24-06-2022,6,2022,9500
Kerala,Kalpetta,25-06-2022,6,2022,17600
Kerala,Manathavady,25-06-2022,6,2022,9500
Kerala,Kalpetta,27-06-2022,6,2022,17600
Kerala,Manathavady,27-06-2022,6,2022,9500
Kerala,Kalpetta,28-06-2022,6,2022,17500
Kerala,Manathavady,28-06-2022,6,2022,9500
Kerala,Kalpetta,29-06-2022,6,2022,17500
Kerala,Manathavady,29-06-2022,6,2022,10100
Kerala,Kalpetta,30-06-2022,6,2022,17500
Kerala,Manathavady,30-06-2022,6,2022,10100
Kerala,Manathavady,01-07-2022,7,2022,10100
Kerala,Kalpetta,04-07-2022,7,2022,17500
Kerala,Manathavady,04-07-2022,7,2022,9500
Kerala,Kalpetta,05-07-2022,7,2022,17400
Kerala,Manathavady,05-07-2022,7,2022,9500
Kerala,Kalpetta,06-07-2022,7,2022,17500
Kerala,Manathavady,06-07-2022,7,2022,9500
Kerala,Kalpetta,07-07-2022,7,2022,17500
Kerala,Manathavady,07-07-2022,7,2022,9500
Kerala,Kalpetta,08-07-2022,7,2022,17500
Kerala,Manathavady,08-07-2022,7,2022,9500
Kerala,Pulpally,08-07-2022,7,2022,10200
Kerala,Kalpetta,09-07-2022,7,2022,17500
Kerala,Manathavady,09-07-2022,7,2022,9500
Kerala,Kalpetta,11-07-2022,7,2022,17100
Kerala,Manathavady,11-07-2022,7,2022,9500
Kerala,Kalpetta,12-07-2022,7,2022,17000
Kerala,Manathavady,12-07-2022,7,2022,9500
Kerala,Manathavady,13-07-2022,7,2022,9750
Kerala,Kalpetta,14-07-2022,7,2022,17200
Kerala,Manathavady,14-07-2022,7,2022,9750
Kerala,Kalpetta,15-07-2022,7,2022,17200
Kerala,Manathavady,15-07-2022,7,2022,9550
Kerala,Pulpally,15-07-2022,7,2022,9800
Kerala,Kalpetta,16-07-2022,7,2022,17000
Kerala,Manathavady,16-07-2022,7,2022,9550
Kerala,Kalpetta,18-07-2022,7,2022,17000
Kerala,Manathavady,18-07-2022,7,2022,9550
Kerala,Kalpetta,19-07-2022,7,2022,17000
Kerala,Manathavady,19-07-2022,7,2022,9550
Kerala,Pulpally,19-07-2022,7,2022,9900
Kerala,Kalpetta,20-07-2022,7,2022,17100
Kerala,Manathavady,20-07-2022,7,2022,9550
Kerala,Pulpally,20-07-2022,7,2022,10200
Kerala,Kalpetta,21-07-2022,7,2022,17200
Kerala,Manathavady,21-07-2022,7,2022,9450
Kerala,Pulpally,21-07-2022,7,2022,9800
Kerala,Kalpetta,22-07-2022,7,2022,17200
Kerala,Manathavady,22-07-2022,7,2022,9450
Kerala,Pulpally,22-07-2022,7,2022,10200
Kerala,Kalpetta,23-07-2022,7,2022,17200
Kerala,Manathavady,23-07-2022,7,2022,9450
Kerala,Pulpally,23-07-2022,7,2022,9800
Kerala,Kalpetta,25-07-2022,7,2022,17100
Kerala,Manathavady,25-07-2022,7,2022,9450
Kerala,Pulpally,25-07-2022,7,2022,9800
Kerala,Kalpetta,26-07-2022,7,2022,17100
Kerala,Manathavady,26-07-2022,7,2022,9450
Kerala,Pulpally,26-07-2022,7,2022,9700
Kerala,Kalpetta,27-07-2022,7,2022,17200
Kerala,Manathavady,27-07-2022,7,2022,9450
Kerala,Manathavady,28-07-2022,7,2022,9450
Kerala,Pulpally,28-07-2022,7,2022,9700
Kerala,Manathavady,29-07-2022,7,2022,9450
Kerala,Pulpally,29-07-2022,7,2022,9700
Kerala,Kalpetta,30-07-2022,7,2022,17300
Kerala,Manathavady,30-07-2022,7,2022,9750
Kerala,Kalpetta,01-08-2022,8,2022,17200
Kerala,Manathavady,01-08-2022,8,2022,9750
Kerala,Pulpally,01-08-2022,8,2022,10000
Kerala,Kalpetta,02-08-2022,8,2022,17200
Kerala,Manathavady,02-08-2022,8,2022,9750
Kerala,Kalpetta,03-08-2022,8,2022,17300
Kerala,Manathavady,03-08-2022,8,2022,9750
Kerala,Kalpetta,04-08-2022,8,2022,17300
Kerala,Manathavady,04-08-2022,8,2022,9750
Kerala,Kalpetta,05-08-2022,8,2022,17300
Kerala,Manathavady,05-08-2022,8,2022,9750
Kerala,Pulpally,05-08-2022,8,2022,10200
Kerala,Kalpetta,06-08-2022,8,2022,17200
Kerala,Manathavady,06-08-2022,8,2022,10050
Kerala,Pulpally,06-08-2022,8,2022,10200
Kerala,Kalpetta,08-08-2022,8,2022,17200
Kerala,Manathavady,08-08-2022,8,2022,10050
Kerala,Pulpally,08-08-2022,8,2022,9600
Kerala,Kalpetta,09-08-2022,8,2022,17200
Kerala,Manathavady,09-08-2022,8,2022,10050
Kerala,Kalpetta,10-08-2022,8,2022,17200
Kerala,Manathavady,10-08-2022,8,2022,10050
Kerala,Kalpetta,11-08-2022,8,2022,17300
Kerala,Manathavady,11-08-2022,8,2022,10050
Kerala,Kalpetta,12-08-2022,8,2022,17300
Kerala,Manathavady,12-08-2022,8,2022,9500
Kerala,Manathavady,13-08-2022,8,2022,9500
Kerala,Kalpetta,15-08-2022,8,2022,17200
Kerala,Manathavady,15-08-2022,8,2022,9500
Kerala,Kalpetta,16-08-2022,8,2022,17200
Kerala,Manathavady,16-08-2022,8,2022,9500
Kerala,Kalpetta,17-08-2022,8,2022,17200
Kerala,Manathavady,17-08-2022,8,2022,9500
Kerala,Kalpetta,18-08-2022,8,2022,17200
Kerala,Manathavady,18-08-2022,8,2022,9500
Kerala,Pulpally,18-08-2022,8,2022,10200
Kerala,Kalpetta,19-08-2022,8,2022,17400
Kerala,Manathavady,19-08-2022,8,2022,9500
Kerala,Pulpally,19-08-2022,8,2022,10200
Kerala,Kalpetta,20-08-2022,8,2022,17400
Kerala,Manathavady,20-08-2022,8,2022,9500
Kerala,Pulpally,20-08-2022,8,2022,10000
Kerala,Kalpetta,22-08-2022,8,2022,17500
Kerala,Manathavady,22-08-2022,8,2022,9500
Kerala,Kalpetta,23-08-2022,8,2022,17400
Kerala,Manathavady,23-08-2022,8,2022,9500
Kerala,Pulpally,23-08-2022,8,2022,9900
Kerala,Kalpetta,24-08-2022,8,2022,17600
Kerala,Manathavady,24-08-2022,8,2022,9500
Kerala,Pulpally,24-08-2022,8,2022,10200
Kerala,Kalpetta,25-08-2022,8,2022,17600
Kerala,Manathavady,25-08-2022,8,2022,9500
Kerala,Pulpally,25-08-2022,8,2022,10200
Kerala,Kalpetta,26-08-2022,8,2022,17600
Kerala,Manathavady,26-08-2022,8,2022,9500
Kerala,Pulpally,26-08-2022,8,2022,10200
Kerala,Kalpetta,27-08-2022,8,2022,17600
Kerala,Manathavady,27-08-2022,8,2022,9500
Kerala,Pulpally,27-08-2022,8,2022,10200
Kerala,Kalpetta,29-08-2022,8,2022,17700
Kerala,Manathavady,29-08-2022,8,2022,9500
Kerala,Pulpally,29-08-2022,8,2022,9700
Kerala,Kalpetta,30-08-2022,8,2022,17600
Kerala,Manathavady,30-08-2022,8,2022,9500
Kerala,Pulpally,30-08-2022,8,2022,9800
Kerala,Kalpetta,31-08-2022,8,2022,17900
Kerala,Manathavady,31-08-2022,8,2022,9500
Kerala,Kalpetta,01-09-2022,9,2022,17900
Kerala,Pulpally,01-09-2022,9,2022,9700
Kerala,Kalpetta,02-09-2022,9,2022,17900
Kerala,Kalpetta,03-09-2022,9,2022,17900
Kerala,Pulpally,03-09-2022,9,2022,10200
Kerala,Kalpetta,04-09-2022,9,2022,17900
Kerala,Manathavady,04-09-2022,9,2022,10050
Kerala,Kalpetta,05-09-2022,9,2022,17900
Kerala,Manathavady,05-09-2022,9,2022,10050
Kerala,Pulpally,05-09-2022,9,2022,10100
Kerala,Kalpetta,06-09-2022,9,2022,17900
Kerala,Manathavady,06-09-2022,9,2022,10050
Kerala,Kalpetta,07-09-2022,9,2022,17900
Kerala,Manathavady,07-09-2022,9,2022,10150
Kerala,Kalpetta,08-09-2022,9,2022,17900
Kerala,Kalpetta,09-09-2022,9,2022,17900
Kerala,Manathavady,09-09-2022,9,2022,10050
Kerala,Pulpally,09-09-2022,9,2022,9700
Kerala,Kalpetta,10-09-2022,9,2022,17900
Kerala,Manathavady,10-09-2022,9,2022,10150
Kerala,Pulpally,10-09-2022,9,2022,9700
Kerala,Kalpetta,12-09-2022,9,2022,17900
Kerala,Manathavady,12-09-2022,9,2022,10150
Kerala,Pulpally,12-09-2022,9,2022,9800
Kerala,Kalpetta,13-09-2022,9,2022,17900
Kerala,Manathavady,13-09-2022,9,2022,10150
Kerala,Kalpetta,14-09-2022,9,2022,17900
Kerala,Manathavady,14-09-2022,9,2022,10150
Kerala,Kalpetta,15-09-2022,9,2022,17900
Kerala,Manathavady,15-09-2022,9,2022,10150
Kerala,Kalpetta,16-09-2022,9,2022,18000
Kerala,Manathavady,16-09-2022,9,2022,10150
Kerala,Kalpetta,17-09-2022,9,2022,18000
Kerala,Manathavady,17-09-2022,9,2022,10150
Kerala,Kalpetta,19-09-2022,9,2022,18000
Kerala,Manathavady,19-09-2022,9,2022,10350
Kerala,Kalpetta,20-09-2022,9,2022,18000
Kerala,Manathavady,20-09-2022,9,2022,10350
Kerala,Manathavady,21-09-2022,9,2022,10350
Kerala,Kalpetta,22-09-2022,9,2022,18000
Kerala,Manathavady,22-09-2022,9,2022,10350
Kerala,Kalpetta,23-09-2022,9,2022,18000
Kerala,Manathavady,23-09-2022,9,2022,10350
Kerala,Kalpetta,24-09-2022,9,2022,18000
Kerala,Manathavady,24-09-2022,9,2022,10350
Kerala,Pulpally,24-09-2022,9,2022,10200
Kerala,Pulpally,25-09-2022,9,2022,10200
Kerala,Kalpetta,26-09-2022,9,2022,18000
Kerala,Manathavady,26-09-2022,9,2022,10350
Kerala,Pulpally,26-09-2022,9,2022,10100
Kerala,Kalpetta,27-09-2022,9,2022,18000
Kerala,Manathavady,27-09-2022,9,2022,10350
Kerala,Pulpally,27-09-2022,9,2022,10200
Kerala,Kalpetta,28-09-2022,9,2022,18100
Kerala,Manathavady,28-09-2022,9,2022,10350
Kerala,Pulpally,28-09-2022,9,2022,10200
Kerala,Kalpetta,29-09-2022,9,2022,18200
Kerala,Manathavady,29-09-2022,9,2022,10350
Kerala,Pulpally,29-09-2022,9,2022,10200
Kerala,Kalpetta,30-09-2022,9,2022,18200
Kerala,Manathavady,30-09-2022,9,2022,10350
Kerala,Pulpally,30-09-2022,9,2022,10300
Kerala,Kalpetta,01-10-2022,10,2022,18300
Kerala,Manathavady,01-10-2022,10,2022,10350
Kerala,Kalpetta,03-10-2022,10,2022,18300
Kerala,Manathavady,03-10-2022,10,2022,10350
Kerala,Kalpetta,04-10-2022,10,2022,18300
Kerala,Manathavady,04-10-2022,10,2022,10350
Kerala,Pulpally,04-10-2022,10,2022,10200
Kerala,Anchal,05-10-2022,10,2022,5600
Kerala,Kalpetta,05-10-2022,10,2022,18300
Kerala,Manathavady,05-10-2022,10,2022,10350
Kerala,Pulpally,05-10-2022,10,2022,10200
Kerala,Kalpetta,06-10-2022,10,2022,18300
Kerala,Manathavady,06-10-2022,10,2022,10350
Kerala,Kalpetta,07-10-2022,10,2022,18400
Kerala,Manathavady,07-10-2022,10,2022,10350
Kerala,Pulpally,07-10-2022,10,2022,10200
Kerala,Kalpetta,08-10-2022,10,2022,18400
Kerala,Manathavady,08-10-2022,10,2022,10350
Kerala,Pulpally,08-10-2022,10,2022,10300
Kerala,Kalpetta,10-10-2022,10,2022,18400
Kerala,Manathavady,10-10-2022,10,2022,10350
Kerala,Pulpally,10-10-2022,10,2022,10200
Kerala,Kalpetta,11-10-2022,10,2022,18500
Kerala,Manathavady,11-10-2022,10,2022,10350
Kerala,Pulpally,11-10-2022,10,2022,10200
Kerala,Kalpetta,12-10-2022,10,2022,18500
Kerala,Manathavady,12-10-2022,10,2022,10350
Kerala,Pulpally,12-10-2022,10,2022,10200
Kerala,Kalpetta,13-10-2022,10,2022,18500
Kerala,Manathavady,13-10-2022,10,2022,10350
Kerala,Pulpally,13-10-2022,10,2022,10200
Kerala,Kalpetta,14-10-2022,10,2022,18500
Kerala,Manathavady,14-10-2022,10,2022,10350
Kerala,Pulpally,14-10-2022,10,2022,10200
Kerala,Manathavady,15-10-2022,10,2022,10350
Kerala,Pulpally,15-10-2022,10,2022,10100
Kerala,Pulpally,16-10-2022,10,2022,10400
Kerala,Kalpetta,17-10-2022,10,2022,18500
Kerala,Manathavady,17-10-2022,10,2022,10350
Kerala,Pulpally,17-10-2022,10,2022,10300
Kerala,Kalpetta,18-10-2022,10,2022,18500
Kerala,Manathavady,18-10-2022,10,2022,10350
Kerala,Pulpally,18-10-2022,10,2022,10600
Kerala,Manathavady,19-10-2022,10,2022,10350
Kerala,Manathavady,20-10-2022,10,2022,10350
Kerala,Pulpally,20-10-2022,10,2022,10300
Kerala,Manathavady,21-10-2022,10,2022,10350
Kerala,Pulpally,21-10-2022,10,2022,10200
Kerala,Kalpetta,22-10-2022,10,2022,18500
Kerala,Manathavady,22-10-2022,10,2022,10350
Kerala,Pulpally,22-10-2022,10,2022,10200
Kerala,Kalpetta,24-10-2022,10,2022,18500
Kerala,Pulpally,24-10-2022,10,2022,10300
Kerala,Kalpetta,25-10-2022,10,2022,18500
Kerala,Manathavady,25-10-2022,10,2022,10350
Kerala,Pulpally,25-10-2022,10,2022,10300
Kerala,Kalpetta,26-10-2022,10,2022,18500
Kerala,Manathavady,26-10-2022,10,2022,10350
Kerala,Pulpally,26-10-2022,10,2022,10300
Kerala,Kalpetta,27-10-2022,10,2022,18300
Kerala,Manathavady,27-10-2022,10,2022,10350
Kerala,Pulpally,27-10-2022,10,2022,10200
Kerala,Kalpetta,28-10-2022,10,2022,18000
Kerala,Manathavady,28-10-2022,10,2022,10350
Kerala,Pulpally,28-10-2022,10,2022,10300
Kerala,Kalpetta,29-10-2022,10,2022,17700
Kerala,Manathavady,29-10-2022,10,2022,10350
Kerala,Pulpally,29-10-2022,10,2022,10300
Kerala,Kalpetta,31-10-2022,10,2022,17600
Kerala,Manathavady,31-10-2022,10,2022,10350
Kerala,Pulpally,31-10-2022,10,2022,10300
Kerala,Kalpetta,01-11-2022,11,2022,17500
Kerala,Manathavady,01-11-2022,11,2022,10350
Kerala,Pulpally,01-11-2022,11,2022,10300
Kerala,Kalpetta,02-11-2022,11,2022,17200
Kerala,Manathavady,02-11-2022,11,2022,10350
Kerala,Pulpally,02-11-2022,11,2022,10300
Kerala,Kalpetta,03-11-2022,11,2022,17100
Kerala,Manathavady,03-11-2022,11,2022,10350
Kerala,Pulpally,03-11-2022,11,2022,10200
Kerala,Kalpetta,04-11-2022,11,2022,17000
Kerala,Manathavady,04-11-2022,11,2022,10350
Kerala,Pulpally,04-11-2022,11,2022,10200
Kerala,Kalpetta,05-11-2022,11,2022,17000
Kerala,Manathavady,05-11-2022,11,2022,9750
Kerala,Pulpally,05-11-2022,11,2022,10600
Kerala,Kalpetta,07-11-2022,11,2022,16800
Kerala,Manathavady,07-11-2022,11,2022,9750
Kerala,Pulpally,07-11-2022,11,2022,1030
Kerala,Kalpetta,08-11-2022,11,2022,16700
Kerala,Manathavady,08-11-2022,11,2022,9750
Kerala,Pulpally,08-11-2022,11,2022,9700
Kerala,Kalpetta,09-11-2022,11,2022,16700
Kerala,Manathavady,09-11-2022,11,2022,9750
Kerala,Kalpetta,10-11-2022,11,2022,16800
Kerala,Manathavady,10-11-2022,11,2022,9750
Kerala,Pulpally,10-11-2022,11,2022,9700
Kerala,Kalpetta,11-11-2022,11,2022,16800
Kerala,Manathavady,11-11-2022,11,2022,9750
Kerala,Pulpally,11-11-2022,11,2022,9700
Kerala,Kalpetta,12-11-2022,11,2022,16800
Kerala,Manathavady,12-11-2022,11,2022,9750
Kerala,Pulpally,12-11-2022,11,2022,9200
Kerala,Kalpetta,14-11-2022,11,2022,16800
Kerala,Manathavady,14-11-2022,11,2022,9750
Kerala,Pulpally,14-11-2022,11,2022,9700
Kerala,Kalpetta,15-11-2022,11,2022,16800
Kerala,Manathavady,15-11-2022,11,2022,9750
Kerala,Pulpally,15-11-2022,11,2022,9600
Kerala,Kalpetta,16-11-2022,11,2022,16800
Kerala,Manathavady,16-11-2022,11,2022,9750
Kerala,Pulpally,16-11-2022,11,2022,9600
Kerala,Kalpetta,17-11-2022,11,2022,16800
Kerala,Manathavady,17-11-2022,11,2022,9750
Kerala,Pulpally,17-11-2022,11,2022,9600
Kerala,Kalpetta,18-11-2022,11,2022,16800
Kerala,Manathavady,18-11-2022,11,2022,9750
Kerala,Pulpally,18-11-2022,11,2022,9700
Kerala,Kalpetta,19-11-2022,11,2022,16800
Kerala,Manathavady,19-11-2022,11,2022,9750
Kerala,Pulpally,19-11-2022,11,2022,9500
Kerala,Kalpetta,21-11-2022,11,2022,16800
Kerala,Manathavady,21-11-2022,11,2022,9450
Kerala,Pulpally,21-11-2022,11,2022,9700
Kerala,Kalpetta,22-11-2022,11,2022,16800
Kerala,Manathavady,22-11-2022,11,2022,9450
Kerala,Pulpally,22-11-2022,11,2022,9500
Kerala,Kalpetta,23-11-2022,11,2022,16800
Kerala,Manathavady,23-11-2022,11,2022,9450
Kerala,Pulpally,23-11-2022,11,2022,9500
Kerala,Kalpetta,24-11-2022,11,2022,16800
Kerala,Manathavady,24-11-2022,11,2022,9450
Kerala,Pulpally,24-11-2022,11,2022,9700
Kerala,Kalpetta,25-11-2022,11,2022,16800
Kerala,Manathavady,25-11-2022,11,2022,9450
Kerala,Kalpetta,26-11-2022,11,2022,16800
Kerala,Manathavady,26-11-2022,11,2022,9450
Kerala,Pulpally,26-11-2022,11,2022,9500
Kerala,Kalpetta,28-11-2022,11,2022,16800
Kerala,Manathavady,28-11-2022,11,2022,9450
Kerala,Pulpally,28-11-2022,11,2022,9500
Kerala,Kalpetta,29-11-2022,11,2022,16800
Kerala,Manathavady,29-11-2022,11,2022,9450
Kerala,Pulpally,29-11-2022,11,2022,9600
Kerala,Manathavady,30-11-2022,11,2022,9450
Kerala,Pulpally,30-11-2022,11,2022,9400
Kerala,Kalpetta,01-12-2022,12,2022,16800
Kerala,Manathavady,01-12-2022,12,2022,9450
Kerala,Pulpally,01-12-2022,12,2022,9500
Kerala,Kalpetta,02-12-2022,12,2022,16800
Kerala,Manathavady,02-12-2022,12,2022,9800
Kerala,Pulpally,02-12-2022,12,2022,9500
Kerala,Kalpetta,03-12-2022,12,2022,16800
Kerala,Manathavady,03-12-2022,12,2022,2450
Kerala,Pulpally,03-12-2022,12,2022,9500
Kerala,Kalpetta,05-12-2022,12,2022,16800
Kerala,Pulpally,05-12-2022,12,2022,9500
Kerala,Kalpetta,06-12-2022,12,2022,16800
Kerala,Pulpally,06-12-2022,12,2022,9300
Kerala,Kalpetta,07-12-2022,12,2022,16800
Kerala,Pulpally,07-12-2022,12,2022,9500
Kerala,Kalpetta,08-12-2022,12,2022,16500
Kerala,Pulpally,08-12-2022,12,2022,9600
Kerala,Kalpetta,09-12-2022,12,2022,16500
Kerala,Pulpally,09-12-2022,12,2022,9500
Kerala,Kalpetta,10-12-2022,12,2022,16500
Kerala,Kalpetta,12-12-2022,12,2022,16000
Kerala,Pulpally,12-12-2022,12,2022,10000
Kerala,Kalpetta,13-12-2022,12,2022,16000
Kerala,Pulpally,13-12-2022,12,2022,9500
Kerala,Kalpetta,14-12-2022,12,2022,16000
Kerala,Pulpally,14-12-2022,12,2022,9400
Kerala,Kalpetta,15-12-2022,12,2022,16000
Kerala,Pulpally,15-12-2022,12,2022,9300
Kerala,Kalpetta,16-12-2022,12,2022,16000
Kerala,Pulpally,16-12-2022,12,2022,9400
Kerala,Kalpetta,17-12-2022,12,2022,16000
Kerala,Pulpally,17-12-2022,12,2022,9500
Kerala,Kalpetta,19-12-2022,12,2022,16000
Kerala,Pulpally,19-12-2022,12,2022,9400
Kerala,Kalpetta,20-12-2022,12,2022,16000
Kerala,Pulpally,20-12-2022,12,2022,9300
Kerala,Kalpetta,21-12-2022,12,2022,16000
Kerala,Pulpally,21-12-2022,12,2022,9300
Kerala,Kalpetta,22-12-2022,12,2022,16000
Kerala,Pulpally,22-12-2022,12,2022,9400
Kerala,Kalpetta,23-12-2022,12,2022,16000
Kerala,Pulpally,23-12-2022,12,2022,9400
Kerala,Kalpetta,24-12-2022,12,2022,16000
Kerala,Pulpally,24-12-2022,12,2022,9300
Kerala,Kalpetta,26-12-2022,12,2022,16000
Kerala,Pulpally,26-12-2022,12,2022,9300
Kerala,Kalpetta,27-12-2022,12,2022,16000
Kerala,Pulpally,27-12-2022,12,2022,9700
Kerala,Kalpetta,28-12-2022,12,2022,16000
Kerala,Pulpally,28-12-2022,12,2022,10100
Kerala,Kalpetta,29-12-2022,12,2022,16000
Kerala,Pulpally,29-12-2022,12,2022,9700
Kerala,Kalpetta,30-12-2022,12,2022,16000
Kerala,Pulpally,30-12-2022,12,2022,9900
Kerala,Kalpetta,02-01-2023,1,2023,16000
Kerala,Pulpally,02-01-2023,1,2023,9500
Kerala,Kalpetta,03-01-2023,1,2023,16000
Kerala,Pulpally,03-01-2023,1,2023,9600
Kerala,Kalpetta,04-01-2023,1,2023,15700
Kerala,Pulpally,04-01-2023,1,2023,9750
Kerala,Pulpally,05-01-2023,1,2023,9700
Kerala,Pulpally,06-01-2023,1,2023,9300
Kerala,Kalpetta,07-01-2023,1,2023,16000
Kerala,Pulpally,07-01-2023,1,2023,9200
Kerala,Kalpetta,08-01-2023,1,2023,15800
Kerala,Kalpetta,09-01-2023,1,2023,16000
Kerala,Kalpetta,10-01-2023,1,2023,16000
Kerala,Pulpally,10-01-2023,1,2023,9300
Kerala,Kalpetta,11-01-2023,1,2023,16000
Kerala,Pulpally,11-01-2023,1,2023,9400
Kerala,Kalpetta,12-01-2023,1,2023,16000
Kerala,Pulpally,12-01-2023,1,2023,9600
Kerala,Sultan bathery,12-01-2023,1,2023,9000
Kerala,Kalpetta,13-01-2023,1,2023,16000
Kerala,Sultan bathery,13-01-2023,1,2023,9000
Kerala,Kalpetta,14-01-2023,1,2023,16000
Kerala,Pulpally,14-01-2023,1,2023,9500
Kerala,Kalpetta,16-01-2023,1,2023,16200
Kerala,Pulpally,16-01-2023,1,2023,9500
Kerala,Sultan bathery,16-01-2023,1,2023,9100
Kerala,Kalpetta,17-01-2023,1,2023,16200
Kerala,Pulpally,17-01-2023,1,2023,9500
Kerala,Sultan bathery,17-01-2023,1,2023,9400
Kerala,Kalpetta,18-01-2023,1,2023,16100
Kerala,Pulpally,18-01-2023,1,2023,9600
Kerala,Sultan bathery,18-01-2023,1,2023,9400
Kerala,Kalpetta,19-01-2023,1,2023,16200
Kerala,Pulpally,19-01-2023,1,2023,9500
Kerala,Sultan bathery,19-01-2023,1,2023,9400
Kerala,Kalpetta,20-01-2023,1,2023,16300
Kerala,Pulpally,20-01-2023,1,2023,9500
Kerala,Sultan bathery,20-01-2023,1,2023,9400
Kerala,Kalpetta,21-01-2023,1,2023,16300
Kerala,Pulpally,21-01-2023,1,2023,9600
Kerala,Kalpetta,22-01-2023,1,2023,16300
Kerala,Kalpetta,23-01-2023,1,2023,16300
Kerala,Pulpally,23-01-2023,1,2023,9500
Kerala,Sultan bathery,23-01-2023,1,2023,9400
Kerala,Kalpetta,24-01-2023,1,2023,16200
Kerala,Pulpally,24-01-2023,1,2023,9400
Kerala,Sultan bathery,24-01-2023,1,2023,9450
Kerala,Pulpally,25-01-2023,1,2023,9500
